PRODUCT_TYPE,"IntelliGen LV","0",
SYSTEM_FIRMWARE,"V1011 Nov 08 2024","1536",
SYSTEMSERIALNUMBER,"ML08333","",
SYSTEMADDRESS,"2","",
CONNECTIONDETAILS,"2:10.25.85.52:8888:COM8","",
MODULE_TYPE,"Multi-purpose 4: FT-100 retrofit trigger recipe style","54",
SERVER_VERSION,"Entegris IntelliGen NCS sserver 4.14","",
FILE_TYPE,"RECIPE 1","1",
FILE_TYPE_REV,"1","",
FILE_TIMESTAMP,"Monday, April 20, 2026 6:22:07 AM","1776666127",
CYCLENUM,"34829"
REFCYCLENUM,""
TIMESTAMP,"Monday, April 20, 2026 6:21:54 AM","1776666114"
CUSTOMERNAME,"End user name"
SYSTEMNAME,"TRK30 2-2 R3 FL955"
FABNAME,"Fab25"
TOOLNAME,"TRK30"
COATERNAME,"2-2"
NOZZLENAME,"R3"
RESISTNAME,"FL955"
FLUIDNAME,"Fluid Name"
SAMPLEINTERVAL_MS,"5"
PREFILLTIME_SEC,"2"
STARTOFCYCLE_SEC,"0"
DISPENSEEND_SEC,"1.605"
FILTRATIONEND_SEC,"5.915"
ENDOFCYCLE_SEC,"7.755"
FILLEND_SEC,"7.665"
DISPENSE CONFIRMATION,CYCLE,REFELENCE
CYCLE_#,34829,34812
READY - READY PRESSURE_PSI,2.01,1.99
READY - READY CORRECTION VOLUME_ML,-0.02,0.00
DISPENSE - PRESSURE PROFILE COMPARE_%,97,100
DISPENSE - FLOW PROFILE COMPARE_%,1,100
DISPENSE - MAXIMUM PRESSURE_PSI,3.96,3.49
DISPENSE - AVERAGE PRESSURE_PSI,2.22,2.19
DISPENSE - CUTOFF PRESSURE_PSI,1.29,1.33
DISPENSE - AVERAGE MOTOR RATE_ML/S,0.51,0.50
DISPENSE - TOTAL MOTOR VOLUME_ML,0.83,0.81
DISPENSE - AIR DETECT VOLUME_ML,0.07,0.06
DISPENSE - TOTAL FLOW VOLUME_ML,0.00,0.00
FILTRATION - AVERAGE DELTA PRESSURE_PSI,0.61,0.83
FILTRATION - MAXIMUM UPSTREAM PRESSURE_PSI,5.39,5.59
VENT - TOTAL TIME_S,0.00,0.00
FILL - MINIMUM FILL PRESSURE_PSI,-1.74,-1.75
FILL - AVERAGE MOTOR RATE_ML/S,1.94,2.02
FILL - TOTAL TIME_S,0.53,0.53
CYCLE - TOTAL TIME_S,7.75,7.73
DISPENSE - MAX PRESSURE TIME_MS,105,110
DISPENSE - PRES PROFILE CMP (IGMINI STYLE)_%,97,100
"END OF HEADER"
"Time(sec)","Dispense Pressure (psi)","Fill Pressure (psi)","Dispense Position (ml)","Fill Position (ml)","Dispense Current (mA)","System Status (code)","Valves Values (bit field)","Flow Sensor (ml/s)","N2 Supply (psi)","Vacuum Supply (psi)",
-2.000,2,4.86,0.669,0,18,0,0,0,40.77,-11.67
-1.995,2,4.85,0.669,0,18,0,0,0,40.77,-11.67
-1.990,2,4.85,0.669,0,18,0,0,0,40.77,-11.67
-1.985,2,4.85,0.669,0,18,0,0,0,40.77,-11.67
-1.980,2.01,4.85,0.669,0,18,0,0,0,40.77,-11.67
-1.975,2,4.85,0.669,0,18,0,0,0,40.77,-11.67
-1.970,2,4.85,0.669,0,18,0,0,0,40.77,-11.67
-1.965,2,4.85,0.669,0,18,0,0,0,40.77,-11.67
-1.960,2,4.85,0.669,0,18,0,0,0,40.77,-11.67
-1.955,2,4.85,0.669,0,18,0,0,0,40.77,-11.67
-1.950,2,4.86,0.669,0,18,0,0,0,40.77,-11.67
-1.945,2,4.86,0.669,0,18,0,0,0,40.77,-11.67
-1.940,2,4.85,0.669,0,18,0,0,0,40.77,-11.67
-1.935,2,4.85,0.669,0,18,0,0,0,40.77,-11.67
-1.930,2,4.86,0.669,0,18,0,0,0,40.77,-11.67
-1.925,2,4.86,0.669,0,18,0,0,0,40.77,-11.67
-1.920,2,4.86,0.669,0,18,0,0,0,40.77,-11.67
-1.915,2,4.86,0.669,0,18,0,0,0,40.77,-11.67
-1.910,2,4.86,0.669,0,18,0,0,0,40.77,-11.67
-1.905,2,4.86,0.669,0,18,0,0,0,40.77,-11.67
-1.900,1.99,4.86,0.669,0,18,0,0,0,40.77,-11.67
-1.895,2,4.86,0.669,0,18,0,0,0,40.77,-11.67
-1.890,1.99,4.86,0.669,0,18,0,0,0,40.77,-11.67
-1.885,2,4.86,0.669,0,18,0,0,0,40.77,-11.67
-1.880,2,4.86,0.669,0,18,0,0,0,40.77,-11.67
-1.875,2,4.86,0.669,0,18,0,0,0,40.77,-11.67
-1.870,2,4.86,0.669,0,18,0,0,0,40.77,-11.67
-1.865,2,4.86,0.669,0,18,0,0,0,40.77,-11.67
-1.860,2,4.86,0.669,0,18,0,0,0,40.77,-11.67
-1.855,1.99,4.86,0.669,0,18,0,0,0,40.77,-11.67
-1.850,1.99,4.86,0.669,0,18,0,0,0,40.77,-11.67
-1.845,1.99,4.86,0.669,0,18,0,0,0,40.77,-11.67
-1.840,1.99,4.86,0.669,0,18,0,0,0,40.77,-11.67
-1.835,2,4.86,0.669,0,17,0,0,0,40.77,-11.67
-1.830,2,4.86,0.669,0,17,0,0,0,40.77,-11.67
-1.825,2,4.86,0.669,0,17,0,0,0,40.77,-11.67
-1.820,2,4.86,0.669,0,17,0,0,0,40.77,-11.67
-1.815,2,4.86,0.669,0,17,0,0,0,40.77,-11.67
-1.810,2,4.86,0.669,0,17,0,0,0,40.77,-11.67
-1.805,2,4.86,0.669,0,17,0,0,0,40.77,-11.67
-1.800,2,4.86,0.669,0,17,0,0,0,40.77,-11.67
-1.795,2,4.86,0.669,0,17,0,0,0,40.77,-11.67
-1.790,2,4.86,0.669,0,17,0,0,0,40.77,-11.67
-1.785,2,4.86,0.669,0,17,0,0,0,40.77,-11.67
-1.780,2,4.86,0.669,0,17,0,0,0,40.77,-11.67
-1.775,2,4.87,0.669,0,17,0,0,0,40.77,-11.67
-1.770,1.99,4.87,0.669,0,17,0,0,0,40.77,-11.67
-1.765,1.99,4.87,0.669,0,17,0,0,0,40.77,-11.67
-1.760,1.99,4.86,0.669,0,17,0,0,0,40.77,-11.67
-1.755,1.99,4.86,0.669,0,16,0,0,0,40.77,-11.67
-1.750,1.99,4.86,0.669,0,17,0,0,0,40.77,-11.67
-1.745,1.99,4.86,0.669,0,17,0,0,0,40.77,-11.67
-1.740,1.99,4.86,0.669,0,17,0,0,0,40.77,-11.67
-1.735,1.99,4.86,0.669,0,17,0,0,0,40.77,-11.67
-1.730,1.98,4.86,0.669,0,17,0,0,0,40.77,-11.67
-1.725,1.98,4.86,0.669,0,17,0,0,0,40.77,-11.67
-1.720,1.98,4.86,0.669,0,16,0,0,0,40.77,-11.67
-1.715,1.98,4.86,0.669,0,16,0,0,0,40.77,-11.67
-1.710,1.98,4.86,0.669,0,16,0,0,0,40.77,-11.67
-1.705,1.98,4.86,0.669,0,16,0,0,0,40.77,-11.67
-1.700,1.98,4.86,0.669,0,16,0,0,0,40.77,-11.67
-1.695,1.98,4.86,0.669,0,16,0,0,0,40.77,-11.67
-1.690,1.98,4.86,0.669,0,16,0,0,0,40.77,-11.67
-1.685,1.98,4.86,0.669,0,16,0,0,0,40.77,-11.67
-1.680,1.98,4.86,0.669,0,16,0,0,0,40.77,-11.67
-1.675,1.98,4.86,0.669,0,16,0,0,0,40.77,-11.67
-1.670,1.98,4.85,0.669,0,17,0,0,0,40.77,-11.67
-1.665,1.99,4.85,0.669,0,17,0,0,0,40.77,-11.67
-1.660,1.99,4.85,0.669,0,17,0,0,0,40.77,-11.67
-1.655,1.99,4.85,0.669,0,17,0,0,0,40.77,-11.67
-1.650,1.99,4.85,0.669,0,17,0,0,0,40.77,-11.67
-1.645,1.99,4.85,0.669,0,17,0,0,0,40.77,-11.67
-1.640,1.99,4.86,0.669,0,17,0,0,0,40.77,-11.67
-1.635,1.99,4.85,0.669,0,17,0,0,0,40.77,-11.67
-1.630,1.99,4.85,0.669,0,17,0,0,0,40.77,-11.67
-1.625,1.99,4.86,0.669,0,17,0,0,0,40.77,-11.67
-1.620,1.99,4.86,0.669,0,17,0,0,0,40.77,-11.67
-1.615,2,4.86,0.669,0,17,0,0,0,40.77,-11.67
-1.610,2,4.86,0.669,0,17,0,0,0,40.77,-11.67
-1.605,2,4.86,0.669,0,17,0,0,0,40.77,-11.67
-1.600,2.01,4.86,0.669,0,17,0,0,0,40.77,-11.67
-1.595,2.01,4.86,0.669,0,17,0,0,0,40.77,-11.67
-1.590,2.01,4.86,0.669,0,17,0,0,0,40.77,-11.67
-1.585,2.01,4.86,0.669,0,17,0,0,0,40.77,-11.67
-1.580,2.01,4.86,0.669,0,16,0,0,0,40.77,-11.67
-1.575,2.01,4.86,0.669,0,16,0,0,0,40.77,-11.67
-1.570,2.01,4.86,0.669,0,16,0,0,0,40.77,-11.67
-1.565,2.01,4.86,0.669,0,16,0,0,0,40.77,-11.67
-1.560,2.01,4.86,0.669,0,16,0,0,0,40.77,-11.67
-1.555,2.01,4.86,0.669,0,16,0,0,0,40.77,-11.67
-1.550,2.01,4.86,0.669,0,16,0,0,0,40.77,-11.67
-1.545,2.01,4.86,0.669,0,16,0,0,0,40.77,-11.67
-1.540,2,4.86,0.669,0,17,0,0,0,40.77,-11.67
-1.535,2,4.86,0.669,0,17,0,0,0,40.77,-11.67
-1.530,2.01,4.86,0.669,0,17,0,0,0,40.77,-11.67
-1.525,2,4.86,0.669,0,17,0,0,0,40.77,-11.67
-1.520,2,4.86,0.669,0,17,0,0,0,40.77,-11.65
-1.515,2,4.86,0.669,0,17,0,0,0,40.77,-11.65
-1.510,2,4.86,0.669,0,18,0,0,0,40.77,-11.65
-1.505,2,4.86,0.669,0,18,0,0,0,40.77,-11.65
-1.500,2,4.86,0.669,0,18,0,0,0,40.77,-11.65
-1.495,2,4.86,0.669,0,18,0,0,0,40.77,-11.65
-1.490,2,4.86,0.669,0,18,0,0,0,40.77,-11.65
-1.485,2,4.87,0.669,0,18,0,0,0,40.77,-11.65
-1.480,1.99,4.86,0.669,0,18,0,0,0,40.77,-11.65
-1.475,2,4.86,0.669,0,18,0,0,0,40.77,-11.65
-1.470,2,4.86,0.669,0,18,0,0,0,40.77,-11.65
-1.465,2,4.86,0.669,0,18,0,0,0,40.77,-11.65
-1.460,2,4.86,0.669,0,18,0,0,0,40.77,-11.65
-1.455,2,4.86,0.669,0,18,0,0,0,40.77,-11.65
-1.450,2,4.86,0.669,0,18,0,0,0,40.77,-11.65
-1.445,2,4.86,0.669,0,18,0,0,0,40.77,-11.65
-1.440,2,4.86,0.669,0,18,0,0,0,40.77,-11.65
-1.435,2,4.86,0.669,0,18,0,0,0,40.77,-11.65
-1.430,2,4.86,0.669,0,18,0,0,0,40.77,-11.65
-1.425,1.99,4.85,0.669,0,18,0,0,0,40.77,-11.65
-1.420,2,4.85,0.669,0,17,0,0,0,40.77,-11.65
-1.415,2,4.85,0.669,0,17,0,0,0,40.77,-11.65
-1.410,2,4.85,0.669,0,17,0,0,0,40.77,-11.65
-1.405,2,4.85,0.669,0,17,0,0,0,40.77,-11.65
-1.400,2,4.85,0.669,0,17,0,0,0,40.77,-11.65
-1.395,2,4.85,0.669,0,17,0,0,0,40.77,-11.65
-1.390,2,4.86,0.669,0,17,0,0,0,40.77,-11.65
-1.385,1.99,4.86,0.669,0,17,0,0,0,40.77,-11.65
-1.380,1.99,4.86,0.669,0,17,0,0,0,40.77,-11.65
-1.375,1.99,4.86,0.669,0,17,0,0,0,40.77,-11.65
-1.370,2,4.86,0.669,0,17,0,0,0,40.77,-11.65
-1.365,1.99,4.86,0.669,0,17,0,0,0,40.77,-11.65
-1.360,2,4.86,0.669,0,17,0,0,0,40.77,-11.65
-1.355,2,4.86,0.669,0,17,0,0,0,40.77,-11.65
-1.350,2,4.86,0.669,0,17,0,0,0,40.77,-11.65
-1.345,2,4.86,0.669,0,17,0,0,0,40.77,-11.65
-1.340,2,4.86,0.669,0,17,0,0,0,40.77,-11.65
-1.335,2,4.87,0.669,0,17,0,0,0,40.77,-11.65
-1.330,2,4.86,0.669,0,17,0,0,0,40.77,-11.65
-1.325,2,4.86,0.669,0,17,0,0,0,40.77,-11.65
-1.320,2,4.86,0.669,0,17,0,0,0,40.77,-11.65
-1.315,2,4.86,0.669,0,17,0,0,0,40.77,-11.65
-1.310,1.99,4.86,0.669,0,17,0,0,0,40.77,-11.65
-1.305,2,4.86,0.669,0,17,0,0,0,40.77,-11.65
-1.300,1.99,4.86,0.669,0,17,0,0,0,40.77,-11.65
-1.295,1.99,4.86,0.669,0,18,0,0,0,40.77,-11.65
-1.290,1.99,4.86,0.669,0,18,0,0,0,40.77,-11.65
-1.285,1.99,4.86,0.669,0,18,0,0,0,40.77,-11.65
-1.280,1.99,4.85,0.669,0,18,0,0,0,40.77,-11.65
-1.275,1.99,4.85,0.669,0,18,0,0,0,40.77,-11.65
-1.270,1.99,4.85,0.669,0,17,0,0,0,40.77,-11.65
-1.265,1.99,4.85,0.669,0,17,0,0,0,40.77,-11.65
-1.260,1.99,4.85,0.669,0,17,0,0,0,40.77,-11.65
-1.255,1.99,4.85,0.669,0,17,0,0,0,40.77,-11.65
-1.250,1.99,4.85,0.669,0,17,0,0,0,40.77,-11.65
-1.245,1.99,4.85,0.669,0,17,0,0,0,40.77,-11.65
-1.240,1.99,4.85,0.669,0,17,0,0,0,40.77,-11.65
-1.235,1.99,4.85,0.669,0,18,0,0,0,40.77,-11.65
-1.230,1.99,4.85,0.669,0,18,0,0,0,40.77,-11.65
-1.225,1.99,4.85,0.669,0,18,0,0,0,40.77,-11.65
-1.220,2,4.86,0.669,0,18,0,0,0,40.77,-11.65
-1.215,2,4.86,0.669,0,18,0,0,0,40.77,-11.65
-1.210,1.99,4.86,0.669,0,18,0,0,0,40.77,-11.65
-1.205,2,4.85,0.669,0,18,0,0,0,40.77,-11.65
-1.200,1.99,4.86,0.669,0,18,0,0,0,40.77,-11.65
-1.195,1.99,4.86,0.669,0,18,0,0,0,40.77,-11.65
-1.190,1.99,4.86,0.669,0,18,0,0,0,40.77,-11.65
-1.185,1.99,4.86,0.669,0,18,0,0,0,40.77,-11.65
-1.180,2,4.86,0.669,0,18,0,0,0,40.77,-11.65
-1.175,2,4.86,0.669,0,18,0,0,0,40.77,-11.65
-1.170,2,4.86,0.669,0,18,0,0,0,40.77,-11.65
-1.165,1.99,4.86,0.669,0,18,0,0,0,40.77,-11.65
-1.160,2,4.86,0.669,0,18,0,0,0,40.77,-11.65
-1.155,2,4.86,0.669,0,18,0,0,0,40.77,-11.65
-1.150,2,4.86,0.669,0,18,0,0,0,40.77,-11.65
-1.145,2,4.86,0.669,0,18,0,0,0,40.77,-11.65
-1.140,1.99,4.86,0.669,0,18,0,0,0,40.77,-11.65
-1.135,1.99,4.86,0.669,0,18,0,0,0,40.77,-11.65
-1.130,2,4.86,0.669,0,18,0,0,0,40.77,-11.65
-1.125,1.99,4.86,0.669,0,18,0,0,0,40.77,-11.65
-1.120,1.99,4.86,0.669,0,17,0,0,0,40.77,-11.65
-1.115,1.99,4.86,0.669,0,17,0,0,0,40.77,-11.65
-1.110,1.99,4.86,0.669,0,17,0,0,0,40.77,-11.65
-1.105,1.99,4.86,0.669,0,17,0,0,0,40.77,-11.65
-1.100,1.99,4.85,0.669,0,17,0,0,0,40.77,-11.65
-1.095,1.99,4.85,0.669,0,17,0,0,0,40.77,-11.65
-1.090,1.99,4.85,0.669,0,17,0,0,0,40.77,-11.65
-1.085,1.99,4.86,0.669,0,17,0,0,0,40.77,-11.65
-1.080,1.99,4.85,0.669,0,17,0,0,0,40.77,-11.65
-1.075,1.99,4.85,0.669,0,17,0,0,0,40.77,-11.65
-1.070,1.99,4.86,0.669,0,17,0,0,0,40.77,-11.65
-1.065,1.99,4.86,0.669,0,17,0,0,0,40.77,-11.65
-1.060,1.99,4.86,0.669,0,17,0,0,0,40.77,-11.65
-1.055,1.99,4.86,0.669,0,17,0,0,0,40.77,-11.65
-1.050,1.99,4.85,0.669,0,17,0,0,0,40.77,-11.65
-1.045,1.99,4.85,0.669,0,17,0,0,0,40.77,-11.65
-1.040,1.99,4.85,0.669,0,17,0,0,0,40.77,-11.65
-1.035,1.99,4.85,0.669,0,17,0,0,0,40.77,-11.65
-1.030,1.99,4.85,0.669,0,17,0,0,0,40.77,-11.65
-1.025,2,4.85,0.669,0,17,0,0,0,40.77,-11.65
-1.020,2,4.86,0.669,0,17,0,0,0,40.77,-11.65
-1.015,2,4.86,0.669,0,17,0,0,0,40.77,-11.65
-1.010,2,4.86,0.669,0,17,0,0,0,40.77,-11.65
-1.005,2,4.86,0.669,0,17,0,0,0,40.77,-11.65
-1.000,2,4.85,0.669,0,17,0,0,0,40.77,-11.65
-0.995,2,4.85,0.669,0,17,0,0,0,40.77,-11.65
-0.990,2,4.85,0.669,0,17,0,0,0,40.77,-11.65
-0.985,2,4.85,0.669,0,17,0,0,0,40.77,-11.65
-0.980,2,4.85,0.669,0,17,0,0,0,40.77,-11.65
-0.975,2,4.85,0.669,0,17,0,0,0,40.77,-11.65
-0.970,2,4.86,0.669,0,17,0,0,0,40.77,-11.65
-0.965,2,4.86,0.669,0,17,0,0,0,40.77,-11.65
-0.960,2,4.86,0.669,0,17,0,0,0,40.77,-11.65
-0.955,2,4.86,0.669,0,17,0,0,0,40.77,-11.65
-0.950,2,4.86,0.669,0,17,0,0,0,40.77,-11.65
-0.945,1.99,4.86,0.669,0,17,0,0,0,40.77,-11.65
-0.940,1.99,4.86,0.669,0,17,0,0,0,40.77,-11.65
-0.935,1.99,4.86,0.669,0,17,0,0,0,40.77,-11.65
-0.930,1.99,4.86,0.669,0,17,0,0,0,40.77,-11.65
-0.925,1.99,4.86,0.669,0,17,0,0,0,40.77,-11.65
-0.920,2,4.86,0.669,0,17,0,0,0,40.77,-11.65
-0.915,2,4.86,0.669,0,17,0,0,0,40.77,-11.65
-0.910,2,4.86,0.669,0,17,0,0,0,40.77,-11.65
-0.905,2,4.86,0.669,0,16,0,0,0,40.77,-11.65
-0.900,1.99,4.86,0.669,0,16,0,0,0,40.77,-11.65
-0.895,2,4.86,0.669,0,16,0,0,0,40.77,-11.65
-0.890,2,4.86,0.669,0,16,0,0,0,40.77,-11.65
-0.885,1.99,4.86,0.669,0,16,0,0,0,40.77,-11.65
-0.880,2,4.86,0.669,0,16,0,0,0,40.77,-11.65
-0.875,2,4.87,0.669,0,16,0,0,0,40.77,-11.65
-0.870,2,4.86,0.669,0,16,0,0,0,40.77,-11.65
-0.865,2,4.86,0.669,0,16,0,0,0,40.77,-11.65
-0.860,1.99,4.86,0.669,0,16,0,0,0,40.77,-11.65
-0.855,1.99,4.86,0.669,0,17,0,0,0,40.77,-11.65
-0.850,1.99,4.86,0.669,0,17,0,0,0,40.77,-11.65
-0.845,1.99,4.86,0.669,0,17,0,0,0,40.77,-11.65
-0.840,1.99,4.86,0.669,0,17,0,0,0,40.77,-11.65
-0.835,1.99,4.86,0.669,0,17,0,0,0,40.77,-11.65
-0.830,1.99,4.86,0.669,0,17,0,0,0,40.77,-11.65
-0.825,1.99,4.86,0.669,0,17,0,0,0,40.77,-11.65
-0.820,1.99,4.86,0.669,0,17,0,0,0,40.77,-11.65
-0.815,1.99,4.86,0.669,0,17,0,0,0,40.77,-11.65
-0.810,1.99,4.86,0.669,0,17,0,0,0,40.77,-11.65
-0.805,1.99,4.86,0.669,0,17,0,0,0,40.77,-11.65
-0.800,1.99,4.86,0.669,0,17,0,0,0,40.77,-11.65
-0.795,1.99,4.86,0.669,0,17,0,0,0,40.77,-11.65
-0.790,1.99,4.87,0.669,0,17,0,0,0,40.77,-11.65
-0.785,1.99,4.87,0.669,0,17,0,0,0,40.77,-11.65
-0.780,2,4.87,0.669,0,17,0,0,0,40.77,-11.65
-0.775,2,4.87,0.669,0,17,0,0,0,40.77,-11.65
-0.770,2,4.87,0.669,0,17,0,0,0,40.77,-11.65
-0.765,1.99,4.87,0.669,0,17,0,0,0,40.77,-11.65
-0.760,2,4.87,0.669,0,17,0,0,0,40.77,-11.65
-0.755,2,4.87,0.669,0,17,0,0,0,40.77,-11.65
-0.750,2,4.87,0.669,0,17,0,0,0,40.77,-11.65
-0.745,2,4.87,0.669,0,17,0,0,0,40.77,-11.65
-0.740,2,4.87,0.669,0,17,0,0,0,40.77,-11.65
-0.735,2,4.87,0.669,0,17,0,0,0,40.77,-11.65
-0.730,2,4.87,0.669,0,17,0,0,0,40.77,-11.65
-0.725,2,4.87,0.669,0,16,0,0,0,40.77,-11.65
-0.720,2,4.87,0.669,0,16,0,0,0,40.77,-11.65
-0.715,2,4.86,0.669,0,16,0,0,0,40.77,-11.65
-0.710,2,4.86,0.669,0,16,0,0,0,40.77,-11.65
-0.705,2,4.86,0.669,0,16,0,0,0,40.77,-11.65
-0.700,2,4.86,0.669,0,16,0,0,0,40.77,-11.65
-0.695,2,4.86,0.669,0,16,0,0,0,40.77,-11.65
-0.690,2,4.86,0.669,0,16,0,0,0,40.77,-11.65
-0.685,2,4.86,0.669,0,16,0,0,0,40.77,-11.65
-0.680,2,4.86,0.669,0,16,0,0,0,40.77,-11.65
-0.675,2,4.86,0.669,0,17,0,0,0,40.77,-11.65
-0.670,2,4.86,0.669,0,17,0,0,0,40.77,-11.65
-0.665,2,4.86,0.669,0,17,0,0,0,40.77,-11.65
-0.660,2,4.86,0.669,0,17,0,0,0,40.77,-11.65
-0.655,2,4.86,0.669,0,17,0,0,0,40.77,-11.65
-0.650,2,4.86,0.669,0,17,0,0,0,40.77,-11.65
-0.645,2,4.86,0.669,0,17,0,0,0,40.77,-11.65
-0.640,2,4.86,0.669,0,17,0,0,0,40.77,-11.65
-0.635,2,4.86,0.669,0,17,0,0,0,40.77,-11.65
-0.630,2,4.86,0.669,0,16,0,0,0,40.77,-11.65
-0.625,2,4.87,0.669,0,16,0,0,0,40.77,-11.65
-0.620,2,4.87,0.669,0,16,0,0,0,40.77,-11.65
-0.615,2,4.87,0.669,0,16,0,0,0,40.77,-11.65
-0.610,2,4.87,0.669,0,16,0,0,0,40.77,-11.65
-0.605,2,4.87,0.669,0,16,0,0,0,40.77,-11.65
-0.600,2,4.87,0.669,0,16,0,0,0,40.77,-11.65
-0.595,2,4.87,0.669,0,16,0,0,0,40.77,-11.65
-0.590,2,4.87,0.669,0,16,0,0,0,40.77,-11.65
-0.585,2,4.87,0.669,0,16,0,0,0,40.77,-11.65
-0.580,2,4.87,0.669,0,16,0,0,0,40.77,-11.65
-0.575,2,4.86,0.669,0,14,0,0,0,40.77,-11.65
-0.570,1.99,4.86,0.669,0,14,0,0,0,40.77,-11.65
-0.565,1.99,4.86,0.669,0,14,0,0,0,40.77,-11.65
-0.560,1.99,4.86,0.669,0,14,0,0,0,40.77,-11.65
-0.555,1.99,4.86,0.669,0,16,0,0,0,40.77,-11.65
-0.550,1.99,4.86,0.669,0,16,0,0,0,40.77,-11.65
-0.545,1.99,4.86,0.669,0,16,0,0,0,40.77,-11.65
-0.540,1.99,4.86,0.669,0,16,0,0,0,40.77,-11.65
-0.535,1.98,4.86,0.669,0,16,0,0,0,40.77,-11.65
-0.530,1.99,4.86,0.669,0,16,0,0,0,40.77,-11.65
-0.525,1.99,4.85,0.669,0,16,0,0,0,40.77,-11.65
-0.520,1.99,4.85,0.669,0,16,0,0,0,40.77,-11.65
-0.515,1.99,4.85,0.669,0,16,0,0,0,40.77,-11.65
-0.510,1.99,4.85,0.669,0,16,0,0,0,40.77,-11.65
-0.505,1.99,4.85,0.669,0,17,0,0,0,40.77,-11.65
-0.500,1.99,4.85,0.669,0,17,0,0,0,40.77,-11.65
-0.495,1.99,4.86,0.669,0,17,0,0,0,40.77,-11.65
-0.490,1.99,4.86,0.669,0,17,0,0,0,40.77,-11.65
-0.485,1.99,4.86,0.669,0,17,0,0,0,40.77,-11.65
-0.480,1.99,4.85,0.669,0,17,0,0,0,40.77,-11.65
-0.475,1.99,4.86,0.669,0,17,0,0,0,40.77,-11.65
-0.470,1.99,4.85,0.669,0,17,0,0,0,40.77,-11.65
-0.465,1.99,4.86,0.669,0,17,0,0,0,40.77,-11.65
-0.460,2,4.86,0.669,0,17,0,0,0,40.77,-11.65
-0.455,2,4.86,0.669,0,17,0,0,0,40.77,-11.65
-0.450,2,4.86,0.669,0,17,0,0,0,40.77,-11.65
-0.445,2,4.86,0.669,0,17,0,0,0,40.77,-11.65
-0.440,2,4.86,0.669,0,17,0,0,0,40.77,-11.65
-0.435,2.01,4.86,0.669,0,17,0,0,0,40.77,-11.65
-0.430,2.01,4.86,0.669,0,17,0,0,0,40.77,-11.65
-0.425,2.01,4.86,0.669,0,16,0,0,0,40.77,-11.65
-0.420,2,4.86,0.669,0,16,0,0,0,40.77,-11.65
-0.415,2.01,4.86,0.669,0,16,0,0,0,40.77,-11.65
-0.410,2.01,4.86,0.669,0,16,0,0,0,40.77,-11.65
-0.405,2.01,4.86,0.669,0,17,0,0,0,40.77,-11.65
-0.400,2.01,4.86,0.669,0,17,0,0,0,40.77,-11.65
-0.395,2.01,4.86,0.669,0,17,0,0,0,40.77,-11.65
-0.390,2.01,4.86,0.669,0,17,0,0,0,40.77,-11.65
-0.385,2.01,4.86,0.669,0,17,0,0,0,40.77,-11.65
-0.380,2.01,4.86,0.669,0,17,0,0,0,40.77,-11.65
-0.375,2.01,4.86,0.669,0,17,0,0,0,40.77,-11.65
-0.370,2.02,4.86,0.669,0,16,0,0,0,40.77,-11.65
-0.365,2.02,4.86,0.669,0,16,0,0,0,40.77,-11.65
-0.360,2.01,4.86,0.669,0,16,0,0,0,40.77,-11.65
-0.355,2.01,4.86,0.669,0,16,0,0,0,40.77,-11.65
-0.350,2.01,4.86,0.669,0,16,0,0,0,40.77,-11.65
-0.345,2.01,4.86,0.669,0,16,0,0,0,40.77,-11.65
-0.340,2.01,4.86,0.669,0,16,0,0,0,40.77,-11.65
-0.335,2.01,4.86,0.669,0,16,0,0,0,40.77,-11.65
-0.330,2.01,4.86,0.669,0,16,0,0,0,40.77,-11.65
-0.325,2.01,4.86,0.669,0,16,0,0,0,40.77,-11.65
-0.320,2.01,4.86,0.669,0,16,0,0,0,40.77,-11.65
-0.315,2.02,4.86,0.669,0,16,0,0,0,40.77,-11.65
-0.310,2.02,4.85,0.669,0,16,0,0,0,40.77,-11.65
-0.305,2.02,4.85,0.669,0,14,0,0,0,40.77,-11.65
-0.300,2.02,4.85,0.669,0,14,0,0,0,40.77,-11.65
-0.295,2.02,4.85,0.669,0,14,0,0,0,40.77,-11.65
-0.290,2.02,4.85,0.669,0,14,0,0,0,40.77,-11.65
-0.285,2.02,4.85,0.669,0,14,0,0,0,40.77,-11.65
-0.280,2.02,4.85,0.669,0,14,0,0,0,40.77,-11.65
-0.275,2.02,4.85,0.669,0,14,0,0,0,40.77,-11.65
-0.270,2.03,4.86,0.669,0,14,0,0,0,40.77,-11.65
-0.265,2.02,4.86,0.669,0,14,0,0,0,40.77,-11.65
-0.260,2.02,4.86,0.669,0,14,0,0,0,40.77,-11.65
-0.255,2.02,4.86,0.669,0,16,0,0,0,40.77,-11.65
-0.250,2.02,4.86,0.669,0,16,0,0,0,40.77,-11.65
-0.245,2.02,4.86,0.669,0,16,0,0,0,40.77,-11.65
-0.240,2.03,4.86,0.669,0,16,0,0,0,40.77,-11.65
-0.235,2.02,4.87,0.669,0,16,0,0,0,40.77,-11.65
-0.230,2.02,4.87,0.669,0,17,0,0,0,40.77,-11.65
-0.225,2.02,4.87,0.669,0,17,0,0,0,40.77,-11.65
-0.220,2.02,4.87,0.669,0,17,0,0,0,40.77,-11.65
-0.215,2.01,4.87,0.669,0,17,0,0,0,40.77,-11.65
-0.210,2.01,4.87,0.669,0,17,0,0,0,40.77,-11.65
-0.205,2.01,4.87,0.669,0,17,0,0,0,40.77,-11.65
-0.200,2.01,4.87,0.669,0,17,0,0,0,40.77,-11.65
-0.195,2.01,4.87,0.669,0,17,0,0,0,40.77,-11.65
-0.190,2,4.87,0.669,0,17,0,0,0,40.77,-11.65
-0.185,2,4.87,0.669,0,17,0,0,0,40.77,-11.65
-0.180,2.01,4.87,0.669,0,17,0,0,0,40.77,-11.65
-0.175,2.01,4.86,0.669,0,17,0,0,0,40.77,-11.65
-0.170,2.01,4.86,0.669,0,17,0,0,0,40.77,-11.65
-0.165,2.01,4.86,0.669,0,17,0,0,0,40.77,-11.65
-0.160,2,4.86,0.669,0,17,0,0,0,40.77,-11.65
-0.155,2,4.86,0.669,0,17,0,0,0,40.77,-11.65
-0.150,2.01,4.86,0.669,0,17,0,0,0,40.77,-11.65
-0.145,2,4.86,0.669,0,17,0,0,0,40.77,-11.65
-0.140,2,4.86,0.669,0,17,0,0,0,40.77,-11.65
-0.135,2.01,4.87,0.669,0,17,0,0,0,40.77,-11.65
-0.130,2.01,4.87,0.669,0,16,0,0,0,40.77,-11.65
-0.125,2,4.87,0.669,0,16,0,0,0,40.77,-11.65
-0.120,2,4.87,0.669,0,16,0,0,0,40.77,-11.65
-0.115,2.01,4.87,0.669,0,16,0,0,0,40.77,-11.65
-0.110,2.01,4.87,0.669,0,16,0,0,0,40.77,-11.65
-0.105,2.01,4.87,0.669,0,16,0,0,0,40.77,-11.65
-0.100,2.01,4.87,0.669,0,16,0,0,0,40.77,-11.65
-0.095,2,4.87,0.669,0,16,0,0,0,40.77,-11.65
-0.090,2,4.87,0.669,0,16,0,0,0,40.77,-11.65
-0.085,2.01,4.87,0.669,0,16,0,0,0,40.77,-11.65
-0.080,2.01,4.87,0.669,0,16,0,0,0,40.77,-11.65
-0.075,2.01,4.87,0.669,0,16,0,0,0,40.77,-11.65
-0.070,2.01,4.87,0.669,0,16,0,0,0,40.77,-11.65
-0.065,2.01,4.87,0.669,0,16,0,0,0,40.77,-11.65
-0.060,2.01,4.87,0.669,0,16,0,0,0,40.77,-11.65
-0.055,2.01,4.86,0.669,0,16,0,0,0,40.77,-11.65
-0.050,2.01,4.86,0.669,0,16,0,0,0,40.77,-11.65
-0.045,2.01,4.86,0.669,0,16,0,0,0,40.77,-11.65
-0.040,2.02,4.86,0.669,0,16,0,0,0,40.77,-11.65
-0.035,2.01,4.86,0.669,0,16,0,0,0,40.77,-11.65
-0.030,2.01,4.86,0.669,0,17,0,0,0,40.77,-11.65
-0.025,2,4.86,0.669,0,17,0,0,0,40.77,-11.65
-0.020,2,4.86,0.669,0,17,0,0,0,40.77,-11.65
-0.015,2.01,4.87,0.669,0,17,0,0,0,40.77,-11.65
-0.010,2,4.86,0.669,0,17,35,0,0,40.77,-11.65
-0.005,2,4.86,0.669,0,17,35,0,0,40.77,-11.65
0.000,2,4.86,0.669,0,17,39,0,0,40.77,-11.65
0.005,2,4.86,0.669,0,17,40,256,0,40.77,-11.65
0.010,2,4.86,0.669,0,17,42,258,0,40.77,-11.65
0.015,2,4.83,0.67,0,17,42,258,0,40.77,-11.65
0.020,2.01,4.84,0.674,0,18,42,258,0,40.77,-11.65
0.025,2.03,4.84,0.678,0,18,42,258,0,40.77,-11.65
0.030,2.13,4.92,0.681,0,18,42,258,0,40.77,-11.65
0.035,2.2,4.99,0.683,0,19,42,258,0,40.77,-11.65
0.040,2.27,5.07,0.684,0,19,42,258,0,40.77,-11.65
0.045,2.35,5.14,0.687,0,19,42,258,0,40.77,-11.65
0.050,2.56,5.27,0.69,0,20,42,258,0,40.77,-11.65
0.055,2.7,5.33,0.694,0,20,42,258,0,40.77,-11.65
0.060,2.84,5.39,0.696,0,20,42,258,0,40.77,-11.65
0.065,3,5.46,0.698,0,21,42,258,0,40.77,-11.65
0.070,3.31,5.58,0.7,0,21,42,258,0,40.77,-11.65
0.075,3.46,5.64,0.703,0,21,42,258,0,40.77,-11.65
0.080,3.61,5.71,0.706,0,22,42,258,0,40.77,-11.65
0.085,3.71,5.77,0.709,0,22,42,258,0,40.77,-11.65
0.090,3.84,5.91,0.712,0,22,42,258,0,40.77,-11.65
0.095,3.89,6.02,0.714,0,23,42,258,0,40.77,-11.65
0.100,3.94,6.1,0.716,0.002,23,42,258,0,40.77,-11.65
0.105,3.96,6.2,0.719,0.005,23,42,258,0,40.77,-11.65
0.110,3.87,6.38,0.722,0.01,24,42,258,0,40.77,-11.65
0.115,3.78,6.46,0.725,0.013,25,42,258,0,40.77,-10.97
0.120,3.68,6.55,0.727,0.014,25,42,258,0,40.77,-10.97
0.125,3.59,6.66,0.729,0.014,25,42,258,0,40.77,-10.97
0.130,3.33,6.88,0.732,0.015,25,42,258,0,40.77,-10.97
0.135,3.16,6.98,0.735,0.015,25,42,258,0,40.77,-10.97
0.140,2.98,7.08,0.738,0.015,26,42,258,0,40.77,-10.97
0.145,2.8,7.2,0.74,0.015,26,42,258,0,40.77,-10.97
0.150,2.45,7.4,0.742,0.014,26,42,258,0,40.77,-10.97
0.155,2.29,7.5,0.745,0.014,26,42,258,0,40.77,-10.97
0.160,2.12,7.6,0.748,0.014,26,42,258,0,40.77,-10.97
0.165,2.01,7.69,0.75,0.014,27,42,258,0,40.77,-10.97
0.170,1.88,7.86,0.753,0.013,27,42,258,0,40.77,-10.97
0.175,1.84,7.94,0.756,0.013,28,42,258,0,40.77,-10.97
0.180,1.79,8,0.758,0.012,28,42,258,0,40.77,-10.97
0.185,1.76,8.04,0.761,0.012,28,42,258,0,40.77,-10.97
0.190,1.78,8.06,0.763,0.012,28,42,258,0,40.77,-10.97
0.195,1.81,8.04,0.766,0.012,29,42,258,0,40.77,-10.97
0.200,1.85,8.01,0.769,0.011,29,42,258,0,40.77,-10.97
0.205,1.88,7.96,0.771,0.011,29,42,258,0,40.77,-10.97
0.210,1.96,7.86,0.773,0.01,28,42,258,0,40.77,-10.97
0.215,2,7.8,0.776,0.01,28,42,258,0,40.77,-10.97
0.220,2.05,7.55,0.779,0.01,28,42,258,0,40.77,-10.97
0.225,2.09,7.24,0.781,0.01,28,42,258,0,40.77,-10.97
0.230,2.16,6.6,0.784,0.01,28,42,258,0,40.77,-10.97
0.235,2.18,6.28,0.786,0.01,29,42,258,0,40.77,-10.97
0.240,2.2,5.97,0.789,0.011,29,42,258,0,40.77,-10.97
0.245,2.22,5.67,0.791,0.011,29,42,258,0,40.77,-10.97
0.250,2.23,5.07,0.794,0.012,29,42,258,0,40.77,-10.97
0.255,2.23,4.78,0.796,0.012,30,42,258,0,40.77,-10.97
0.260,2.22,4.49,0.799,0.013,30,42,258,0,40.77,-10.97
0.265,2.22,4.2,0.801,0.014,30,42,258,0,40.77,-10.97
0.270,2.2,3.64,0.804,0.015,31,42,258,0,40.77,-10.97
0.275,2.19,3.37,0.807,0.016,31,42,258,0,40.77,-10.97
0.280,2.18,3.09,0.809,0.017,32,42,258,0,40.77,-10.97
0.285,2.17,2.82,0.812,0.02,32,42,258,0,40.77,-10.97
0.290,2.15,2.3,0.814,0.021,33,42,258,0,40.77,-10.97
0.295,2.15,2.07,0.817,0.023,34,42,258,0,40.77,-10.97
0.300,2.14,2,0.82,0.024,34,42,258,0,40.77,-10.97
0.305,2.14,2.01,0.822,0.027,35,42,258,0,40.77,-10.97
0.310,2.13,2.03,0.825,0.028,36,42,258,0,40.77,-10.97
0.315,2.13,2.07,0.827,0.031,37,42,258,0,40.77,-10.97
0.320,2.13,2.08,0.83,0.032,37,42,258,0,40.77,-10.97
0.325,2.13,2.09,0.833,0.035,38,42,258,0,40.77,-10.97
0.330,2.15,2.1,0.835,0.036,38,42,258,0,40.77,-10.97
0.335,2.15,2.11,0.838,0.039,39,42,258,0,40.77,-10.97
0.340,2.15,2.13,0.84,0.04,39,42,258,0,40.77,-10.97
0.345,2.15,2.14,0.843,0.043,39,42,258,0,40.77,-10.97
0.350,2.15,2.17,0.845,0.044,39,42,258,0,40.77,-10.97
0.355,2.16,2.18,0.848,0.047,39,42,258,0,40.77,-10.97
0.360,2.16,2.2,0.85,0.048,39,42,258,0,40.77,-10.97
0.365,2.15,2.22,0.853,0.051,39,42,258,0,40.77,-10.97
0.370,2.15,2.28,0.855,0.052,39,42,258,0,40.77,-10.97
0.375,2.15,2.31,0.858,0.055,38,42,258,0,40.77,-10.97
0.380,2.15,2.36,0.86,0.056,38,42,258,0,40.77,-10.97
0.385,2.15,2.39,0.863,0.059,38,42,258,0,40.77,-10.97
0.390,2.14,2.49,0.866,0.06,37,42,258,0,40.77,-10.97
0.395,2.14,2.53,0.868,0.062,37,42,258,0,40.77,-10.97
0.400,2.13,2.6,0.871,0.063,37,42,258,0,40.77,-10.97
0.405,2.13,2.65,0.873,0.066,37,42,258,0,40.77,-10.97
0.410,2.13,2.79,0.876,0.067,36,42,258,0,40.77,-10.97
0.415,2.13,2.86,0.879,0.07,36,42,258,0,40.77,-10.97
0.420,2.13,2.94,0.881,0.07,37,42,258,0,40.77,-10.97
0.425,2.13,3.01,0.884,0.073,37,42,258,0,40.77,-10.97
0.430,2.13,3.08,0.886,0.073,37,42,258,0,40.77,-10.97
0.435,2.14,3.25,0.889,0.076,37,42,258,0,40.77,-10.97
0.440,2.14,3.32,0.892,0.076,37,42,258,0,40.77,-10.97
0.445,2.14,3.4,0.894,0.079,37,42,258,0,40.77,-10.97
0.450,2.14,3.46,0.897,0.079,37,42,258,0,40.77,-10.97
0.455,2.15,3.61,0.899,0.082,37,42,258,0,40.77,-10.97
0.460,2.15,3.68,0.902,0.082,38,42,258,0,40.77,-10.97
0.465,2.15,3.75,0.905,0.085,38,42,258,0,40.77,-10.97
0.470,2.15,3.82,0.907,0.085,38,42,258,0,40.77,-10.97
0.475,2.16,3.96,0.91,0.088,38,42,258,0,40.77,-10.97
0.480,2.16,4.03,0.912,0.088,38,42,258,0,40.77,-10.97
0.485,2.16,4.1,0.915,0.09,38,42,258,0,40.77,-10.97
0.490,2.15,4.17,0.917,0.09,38,42,258,0,40.77,-10.97
0.495,2.15,4.28,0.92,0.093,38,42,258,0,40.77,-10.97
0.500,2.15,4.34,0.922,0.093,38,42,258,0,40.77,-10.97
0.505,2.15,4.41,0.925,0.095,38,42,258,0,40.77,-10.97
0.510,2.15,4.48,0.927,0.095,38,42,258,0,40.77,-10.97
0.515,2.14,4.58,0.93,0.097,38,42,258,0,40.77,-10.97
0.520,2.14,4.64,0.933,0.097,38,42,258,0,40.77,-10.97
0.525,2.13,4.7,0.935,0.099,38,42,258,0,40.77,-10.97
0.530,2.13,4.75,0.938,0.099,38,42,258,0,40.77,-10.97
0.535,2.13,4.85,0.94,0.101,38,42,258,0,40.77,-10.97
0.540,2.13,4.9,0.943,0.101,38,42,258,0,40.77,-10.97
0.545,2.13,4.96,0.945,0.103,38,42,258,0,40.77,-10.97
0.550,2.13,5,0.948,0.103,38,42,258,0,40.77,-10.97
0.555,2.13,5.08,0.951,0.105,38,42,258,0,40.77,-10.97
0.560,2.14,5.14,0.953,0.105,39,42,258,0,40.77,-10.97
0.565,2.14,5.18,0.956,0.106,39,42,258,0,40.77,-10.97
0.570,2.14,5.22,0.959,0.106,39,42,258,0,40.77,-10.97
0.575,2.15,5.3,0.961,0.109,40,42,258,0,40.77,-10.97
0.580,2.16,5.35,0.964,0.109,40,42,258,0,40.77,-10.97
0.585,2.16,5.39,0.966,0.109,40,42,258,0,40.77,-10.97
0.590,2.17,5.41,0.969,0.109,41,42,258,0,40.77,-10.97
0.595,2.17,5.48,0.972,0.111,41,42,258,0,40.77,-10.97
0.600,2.17,5.53,0.974,0.111,41,42,258,0,40.77,-10.97
0.605,2.18,5.57,0.977,0.112,41,42,258,0,40.77,-10.97
0.610,2.18,5.6,0.979,0.112,41,42,258,0,40.77,-10.97
0.615,2.19,5.67,0.982,0.113,43,42,258,0,40.77,-10.97
0.620,2.18,5.7,0.984,0.113,43,42,258,0,40.77,-10.97
0.625,2.18,5.73,0.987,0.115,43,42,258,0,40.77,-11.59
0.630,2.18,5.75,0.989,0.115,43,42,258,0,40.77,-11.59
0.635,2.17,5.81,0.992,0.116,41,42,258,0,40.77,-11.59
0.640,2.16,5.83,0.994,0.116,41,42,258,0,40.77,-11.59
0.645,2.16,5.85,0.997,0.117,41,42,258,0,40.77,-11.59
0.650,2.16,5.88,1,0.117,41,42,258,0,40.77,-11.59
0.655,2.15,5.93,1.002,0.118,41,42,258,0,40.77,-11.59
0.660,2.14,5.94,1.005,0.118,41,42,258,0,40.77,-11.59
0.665,2.14,5.96,1.007,0.119,41,42,258,0,40.77,-11.59
0.670,2.14,6,1.01,0.119,41,42,258,0,40.77,-11.59
0.675,2.14,6.04,1.012,0.12,41,42,258,0,40.77,-11.59
0.680,2.13,6.05,1.015,0.12,41,42,258,0,40.77,-11.59
0.685,2.13,6.07,1.018,0.121,41,42,258,0,40.77,-11.59
0.690,2.13,6.1,1.02,0.121,41,42,258,0,40.77,-11.59
0.695,2.13,6.15,1.023,0.122,41,42,258,0,40.77,-11.59
0.700,2.14,6.16,1.025,0.122,41,42,258,0,40.77,-11.59
0.705,2.14,6.19,1.028,0.123,41,42,258,0,40.77,-11.59
0.710,2.14,6.21,1.031,0.123,41,42,258,0,40.77,-11.59
0.715,2.15,6.26,1.033,0.123,43,42,258,0,40.77,-11.59
0.720,2.16,6.27,1.036,0.123,43,42,258,0,40.77,-11.59
0.725,2.16,6.29,1.039,0.124,43,42,258,0,40.77,-11.59
0.730,2.17,6.31,1.041,0.124,44,42,258,0,40.77,-11.59
0.735,2.17,6.35,1.044,0.126,44,42,258,0,40.77,-11.59
0.740,2.18,6.36,1.046,0.126,44,42,258,0,40.77,-11.59
0.745,2.18,6.38,1.049,0.126,44,42,258,0,40.77,-11.59
0.750,2.18,6.39,1.051,0.126,44,42,258,0,40.77,-11.59
0.755,2.18,6.41,1.054,0.126,45,42,258,0,40.77,-11.59
0.760,2.18,6.42,1.056,0.126,45,42,258,0,40.77,-11.59
0.765,2.18,6.43,1.059,0.127,45,42,258,0,40.77,-11.59
0.770,2.18,6.45,1.062,0.127,45,42,258,0,40.77,-11.59
0.775,2.18,6.47,1.064,0.127,45,42,258,0,40.77,-11.59
0.780,2.17,6.47,1.067,0.127,45,42,258,0,40.77,-11.59
0.785,2.17,6.48,1.069,0.128,45,42,258,0,40.77,-11.59
0.790,2.16,6.49,1.072,0.128,44,42,258,0,40.77,-11.59
0.795,2.16,6.51,1.074,0.129,44,42,258,0,40.77,-11.59
0.800,2.15,6.52,1.077,0.129,44,42,258,0,40.77,-11.59
0.805,2.15,6.53,1.079,0.129,44,42,258,0,40.77,-11.59
0.810,2.15,6.53,1.082,0.129,44,42,258,0,40.77,-11.59
0.815,2.14,6.54,1.085,0.13,44,42,258,0,40.77,-11.59
0.820,2.14,6.56,1.087,0.13,44,42,258,0,40.77,-11.59
0.825,2.14,6.57,1.09,0.13,44,42,258,0,40.77,-11.59
0.830,2.14,6.57,1.092,0.13,44,42,258,0,40.77,-11.59
0.835,2.14,6.59,1.095,0.131,44,42,258,0,40.77,-11.59
0.840,2.14,6.6,1.098,0.131,45,42,258,0,40.77,-11.59
0.845,2.14,6.61,1.1,0.131,45,42,258,0,40.77,-11.59
0.850,2.15,6.62,1.103,0.131,45,42,258,0,40.77,-11.59
0.855,2.15,6.63,1.105,0.132,45,42,258,0,40.77,-11.59
0.860,2.15,6.65,1.108,0.132,46,42,258,0,40.77,-11.59
0.865,2.15,6.66,1.111,0.132,46,42,258,0,40.77,-11.59
0.870,2.16,6.66,1.113,0.132,46,42,258,0,40.77,-11.59
0.875,2.16,6.67,1.116,0.133,46,42,258,0,40.77,-11.59
0.880,2.16,6.69,1.118,0.133,47,42,258,0,40.77,-11.59
0.885,2.17,6.7,1.121,0.133,47,42,258,0,40.77,-11.59
0.890,2.17,6.71,1.124,0.133,47,42,258,0,40.77,-11.59
0.895,2.17,6.72,1.126,0.134,47,42,258,0,40.77,-11.59
0.900,2.17,6.73,1.129,0.134,47,42,258,0,40.77,-11.59
0.905,2.17,6.74,1.131,0.134,47,42,258,0,40.77,-11.59
0.910,2.17,6.75,1.134,0.134,47,42,258,0,40.77,-11.59
0.915,2.16,6.76,1.136,0.134,47,42,258,0,40.77,-11.59
0.920,2.16,6.77,1.139,0.134,46,42,258,0,40.77,-11.59
0.925,2.15,6.78,1.141,0.135,46,42,258,0,40.77,-11.59
0.930,2.15,6.79,1.144,0.135,46,42,258,0,40.77,-11.59
0.935,2.15,6.81,1.146,0.135,46,42,258,0,40.77,-11.59
0.940,2.15,6.81,1.149,0.135,46,42,258,0,40.77,-11.59
0.945,2.15,6.82,1.151,0.136,45,42,258,0,40.77,-11.59
0.950,2.14,6.83,1.154,0.136,45,42,258,0,40.77,-11.59
0.955,2.14,6.85,1.157,0.136,45,42,258,0,40.77,-11.59
0.960,2.14,6.85,1.159,0.136,45,42,258,0,40.77,-11.59
0.965,2.14,6.85,1.162,0.136,44,42,258,0,40.77,-11.59
0.970,2.14,6.86,1.164,0.136,44,42,258,0,40.77,-11.59
0.975,2.15,6.88,1.167,0.136,44,42,258,0,40.77,-11.59
0.980,2.15,6.88,1.17,0.136,45,42,258,0,40.77,-11.59
0.985,2.15,6.88,1.172,0.137,45,42,258,0,40.77,-11.59
0.990,2.15,6.9,1.175,0.137,45,42,258,0,40.77,-11.59
0.995,2.16,6.91,1.178,0.137,45,42,258,0,40.77,-11.59
1.000,2.16,6.91,1.18,0.137,45,42,258,0,40.77,-11.59
1.005,2.16,6.92,1.183,0.137,45,42,258,0,40.77,-11.59
1.010,2.17,6.91,1.185,0.137,46,42,258,0,40.77,-11.59
1.015,2.17,6.93,1.188,0.138,46,42,258,0,40.77,-11.59
1.020,2.17,6.94,1.191,0.138,46,42,258,0,40.77,-11.59
1.025,2.17,6.95,1.193,0.138,46,42,258,0,40.77,-11.59
1.030,2.18,6.95,1.196,0.138,46,42,258,0,40.77,-11.59
1.035,2.18,6.95,1.198,0.138,46,42,258,0,40.77,-11.59
1.040,2.17,6.96,1.201,0.138,46,42,258,0,40.77,-11.59
1.045,2.17,6.97,1.203,0.138,45,42,258,0,40.77,-11.59
1.050,2.17,6.97,1.206,0.138,45,42,258,0,40.77,-11.59
1.055,2.16,6.98,1.208,0.138,45,42,258,0,40.77,-11.59
1.060,2.15,6.98,1.211,0.138,45,42,258,0,40.77,-11.59
1.065,2.15,6.98,1.213,0.139,45,42,258,0,40.77,-11.59
1.070,2.15,6.98,1.216,0.139,45,42,258,0,40.77,-11.59
1.075,2.14,6.98,1.218,0.139,45,42,258,0,40.77,-11.59
1.080,2.14,6.99,1.221,0.139,45,42,258,0,40.77,-11.59
1.085,2.14,6.99,1.223,0.139,44,42,258,0,40.77,-11.59
1.090,2.14,6.99,1.226,0.139,44,42,258,0,40.77,-11.59
1.095,2.14,7,1.229,0.139,44,42,258,0,40.77,-11.59
1.100,2.13,7,1.231,0.139,44,42,258,0,40.77,-11.59
1.105,2.13,6.99,1.234,0.139,45,42,258,0,40.77,-11.59
1.110,2.14,6.99,1.236,0.139,45,42,258,0,40.77,-11.59
1.115,2.14,7,1.239,0.14,45,42,258,0,40.77,-11.59
1.120,2.15,7,1.242,0.14,45,42,258,0,40.77,-11.59
1.125,2.15,7.01,1.244,0.14,46,42,258,0,40.77,-11.59
1.130,2.15,7,1.247,0.14,46,42,258,0,40.77,-11.63
1.135,2.16,7.01,1.249,0.14,46,42,258,0,40.77,-11.63
1.140,2.16,7.01,1.252,0.14,46,42,258,0,40.77,-11.63
1.145,2.16,7.02,1.254,0.14,47,42,258,0,40.77,-11.63
1.150,2.17,7.02,1.257,0.14,47,42,258,0,40.77,-11.63
1.155,2.17,7.02,1.26,0.14,47,42,258,0,40.77,-11.63
1.160,2.17,7.03,1.262,0.14,47,42,258,0,40.77,-11.63
1.165,2.17,7.03,1.265,0.141,47,42,258,0,40.77,-11.63
1.170,2.17,7.03,1.267,0.141,48,42,258,0,40.77,-11.63
1.175,2.17,7.04,1.27,0.141,47,42,258,0,40.77,-11.63
1.180,2.17,7.04,1.272,0.141,47,42,258,0,40.77,-11.63
1.185,2.17,7.05,1.275,0.141,47,42,258,0,40.77,-11.63
1.190,2.17,7.05,1.277,0.141,47,42,258,0,40.77,-11.63
1.195,2.16,7.06,1.28,0.141,46,42,258,0,40.77,-11.63
1.200,2.16,7.06,1.282,0.141,46,42,258,0,40.77,-11.63
1.205,2.15,7.06,1.285,0.141,46,42,258,0,40.77,-11.63
1.210,2.15,7.06,1.288,0.141,46,42,258,0,40.77,-11.63
1.215,2.15,7.07,1.29,0.141,46,42,258,0,40.77,-11.63
1.220,2.15,7.06,1.293,0.141,45,42,258,0,40.77,-11.63
1.225,2.15,7.07,1.295,0.141,45,42,258,0,40.77,-11.63
1.230,2.15,7.07,1.298,0.141,45,42,258,0,40.77,-11.63
1.235,2.15,7.07,1.301,0.141,45,42,258,0,40.77,-11.63
1.240,2.15,7.07,1.303,0.141,45,42,258,0,40.77,-11.63
1.245,2.15,7.08,1.306,0.141,45,42,258,0,40.77,-11.63
1.250,2.15,7.07,1.308,0.141,45,42,258,0,40.77,-11.63
1.255,2.16,7.07,1.311,0.141,45,42,258,0,40.77,-11.63
1.260,2.16,7.07,1.314,0.141,45,42,258,0,40.77,-11.63
1.265,2.16,7.06,1.316,0.141,45,42,258,0,40.77,-11.63
1.270,2.16,7.06,1.319,0.141,45,42,258,0,40.77,-11.63
1.275,2.17,7.06,1.321,0.141,45,42,258,0,40.77,-11.63
1.280,2.17,7.05,1.324,0.141,45,42,258,0,40.77,-11.63
1.285,2.18,7.05,1.327,0.141,46,42,258,0,40.77,-11.63
1.290,2.18,7.05,1.329,0.141,46,42,258,0,40.77,-11.63
1.295,2.18,7.05,1.332,0.141,46,42,258,0,40.77,-11.63
1.300,2.18,7.05,1.334,0.141,46,42,258,0,40.77,-11.63
1.305,2.18,7.05,1.337,0.143,47,42,258,0,40.77,-11.63
1.310,2.18,7.05,1.339,0.143,47,42,258,0,40.77,-11.63
1.315,2.17,7.06,1.342,0.143,47,42,258,0,40.77,-11.63
1.320,2.17,7.06,1.344,0.143,47,42,258,0,40.77,-11.63
1.325,2.17,7.06,1.347,0.143,47,42,258,0,40.77,-11.63
1.330,2.16,7.07,1.349,0.143,47,42,258,0,40.77,-11.63
1.335,2.16,7.07,1.352,0.143,47,42,258,0,40.77,-11.63
1.340,2.15,7.08,1.355,0.143,47,42,258,0,40.77,-11.63
1.345,2.15,7.08,1.357,0.143,47,42,258,0,40.77,-11.63
1.350,2.15,7.08,1.36,0.143,47,42,258,0,40.77,-11.63
1.355,2.14,7.09,1.362,0.143,47,42,258,0,40.77,-11.63
1.360,2.14,7.09,1.365,0.143,47,42,258,0,40.77,-11.63
1.365,2.14,7.09,1.367,0.143,47,42,258,0,40.77,-11.63
1.370,2.14,7.09,1.37,0.143,47,42,258,0,40.77,-11.63
1.375,2.14,7.09,1.373,0.143,47,42,258,0,40.77,-11.63
1.380,2.14,7.09,1.375,0.143,47,42,258,0,40.77,-11.63
1.385,2.14,7.09,1.378,0.144,47,42,258,0,40.77,-11.63
1.390,2.15,7.09,1.381,0.144,47,42,258,0,40.77,-11.63
1.395,2.15,7.09,1.383,0.144,47,42,258,0,40.77,-11.63
1.400,2.15,7.09,1.386,0.144,47,42,258,0,40.77,-11.63
1.405,2.16,7.09,1.388,0.144,47,42,258,0,40.77,-11.63
1.410,2.16,7.09,1.391,0.144,47,42,258,0,40.77,-11.63
1.415,2.17,7.09,1.394,0.144,47,42,258,0,40.77,-11.63
1.420,2.17,7.1,1.396,0.144,47,42,258,0,40.77,-11.63
1.425,2.17,7.09,1.399,0.144,47,42,258,0,40.77,-11.63
1.430,2.18,7.1,1.401,0.144,48,42,258,0,40.77,-11.63
1.435,2.18,7.1,1.404,0.144,48,42,258,0,40.77,-11.63
1.440,2.18,7.1,1.406,0.144,48,42,258,0,40.77,-11.63
1.445,2.18,7.11,1.409,0.144,48,42,258,0,40.77,-11.63
1.450,2.17,7.11,1.411,0.144,48,42,258,0,40.77,-11.63
1.455,2.18,7.12,1.414,0.144,48,42,258,0,40.77,-11.63
1.460,2.18,7.11,1.416,0.144,48,42,258,0,40.77,-11.63
1.465,2.17,7.12,1.419,0.144,48,42,258,0,40.77,-11.63
1.470,2.16,7.12,1.421,0.144,48,42,258,0,40.77,-11.63
1.475,2.16,7.11,1.424,0.144,48,42,258,0,40.77,-11.63
1.480,2.16,7.12,1.427,0.144,48,42,258,0,40.77,-11.63
1.485,2.15,7.12,1.429,0.145,48,42,258,0,40.77,-11.63
1.490,2.15,7.13,1.432,0.145,48,42,258,0,40.77,-11.63
1.495,2.15,7.13,1.434,0.145,48,42,258,0,40.77,-11.63
1.500,2.15,7.13,1.437,0.145,48,42,258,0,40.77,-11.63
1.505,2.15,7.13,1.44,0.145,48,42,258,0,40.77,-11.63
1.510,2.15,7.14,1.442,0.145,48,42,258,0,40.77,-11.63
1.515,2.15,7.14,1.445,0.145,48,42,258,0,40.77,-11.63
1.520,2.16,7.14,1.447,0.145,48,42,258,0,40.77,-11.63
1.525,2.17,7.14,1.45,0.145,48,42,258,0,40.77,-11.63
1.530,2.17,7.15,1.453,0.145,48,42,258,0,40.77,-11.63
1.535,2.18,7.15,1.455,0.145,48,42,258,0,40.77,-11.63
1.540,2.18,7.15,1.458,0.145,48,42,258,0,40.77,-11.63
1.545,2.18,7.15,1.461,0.145,49,42,258,0,40.77,-11.63
1.550,2.19,7.16,1.463,0.145,49,42,258,0,40.77,-11.63
1.555,2.19,7.16,1.466,0.145,49,42,258,0,40.77,-11.63
1.560,2.19,7.16,1.468,0.145,49,42,258,0,40.77,-11.63
1.565,2.2,7.16,1.471,0.145,49,42,258,0,40.77,-11.63
1.570,2.2,7.16,1.474,0.145,50,42,258,0,40.77,-11.63
1.575,2.2,7.15,1.476,0.145,50,42,258,0,40.77,-11.63
1.580,2.19,7.16,1.479,0.145,50,42,2,0,40.77,-11.63
1.585,2.19,7.16,1.481,0.145,50,42,2,0,40.77,-11.63
1.590,2.19,7.15,1.484,0.145,50,42,2,0,40.77,-11.63
1.595,2.19,7.15,1.486,0.145,50,42,2,0,40.77,-11.63
1.600,2.18,7.14,1.489,0.145,50,42,2,0,40.77,-11.63
1.605,2.17,7.14,1.491,0.145,50,42,2,0,40.77,-11.63
1.610,2.16,7.14,1.494,0.145,50,48,2,0,40.77,-11.63
1.615,2.16,7.14,1.495,0.145,49,60,2,0,40.77,-11.63
1.620,2.13,7.13,1.494,0.145,49,60,2,0,40.77,-11.63
1.625,2.09,7.13,1.494,0.146,48,60,2,0,40.77,-11.63
1.630,2.04,7.14,1.494,0.146,47,60,2,0,40.77,-11.63
1.635,1.98,7.14,1.494,0.146,46,60,2,0,40.77,-11.63
1.640,1.86,7.15,1.494,0.146,45,60,2,0,40.77,-11.63
1.645,1.78,7.14,1.494,0.146,43,60,2,0,40.77,-11.63
1.650,1.71,7.14,1.493,0.146,41,60,2,0,40.77,-11.63
1.655,1.64,7.15,1.493,0.146,39,60,2,0,40.77,-11.63
1.660,1.53,7.15,1.493,0.146,37,60,2,0,40.77,-11.63
1.665,1.48,7.15,1.493,0.146,35,60,2,0,40.77,-11.63
1.670,1.45,7.15,1.493,0.146,34,60,2,0,40.77,-11.63
1.675,1.41,7.15,1.493,0.146,32,60,2,0,40.77,-11.63
1.680,1.31,7.15,1.493,0.146,31,60,2,0,40.77,-11.63
1.685,1.26,7.15,1.493,0.146,29,60,2,0,40.77,-11.63
1.690,1.21,7.16,1.493,0.146,28,60,2,0,40.77,-11.63
1.695,1.17,7.16,1.492,0.146,26,60,2,0,40.77,-11.63
1.700,1.1,7.16,1.492,0.146,25,60,2,0,40.77,-11.63
1.705,1.09,7.16,1.492,0.146,23,60,2,0,40.77,-11.63
1.710,1.09,7.15,1.492,0.146,22,60,2,0,40.77,-11.63
1.715,1.1,7.15,1.492,0.146,20,60,2,0,40.77,-11.63
1.720,1.13,7.14,1.492,0.146,19,60,2,0,40.77,-11.63
1.725,1.15,7.15,1.492,0.146,18,60,2,0,40.77,-11.63
1.730,1.18,7.15,1.492,0.146,18,60,2,0,40.77,-11.63
1.735,1.2,7.14,1.492,0.146,17,60,2,0,40.77,-11.63
1.740,1.23,7.14,1.492,0.146,17,60,2,0,40.77,-11.63
1.745,1.22,7.14,1.492,0.146,17,60,2,0,40.77,-11.63
1.750,1.21,7.14,1.492,0.146,17,60,2,0,40.77,-11.63
1.755,1.2,7.14,1.492,0.146,16,60,2,0,40.77,-11.63
1.760,1.21,7.14,1.492,0.146,16,60,2,0,40.77,-11.63
1.765,1.22,7.14,1.492,0.146,16,60,2,0,40.77,-11.63
1.770,1.22,7.14,1.492,0.146,17,60,2,0,40.77,-11.63
1.775,1.22,7.13,1.492,0.147,17,60,2,0,40.77,-11.63
1.780,1.22,7.14,1.492,0.147,17,60,2,0,40.77,-11.63
1.785,1.23,7.14,1.492,0.147,17,60,2,0,40.77,-11.63
1.790,1.23,7.14,1.492,0.147,17,60,2,0,40.77,-11.63
1.795,1.24,7.14,1.492,0.147,17,60,2,0,40.77,-11.63
1.800,1.24,7.15,1.492,0.147,17,60,2,0,40.77,-11.63
1.805,1.24,7.15,1.492,0.147,17,60,2,0,40.77,-11.63
1.810,1.24,7.15,1.492,0.147,17,60,2,0,40.77,-11.63
1.815,1.24,7.16,1.492,0.147,17,71,6,0,40.77,-11.63
1.820,1.25,7.16,1.492,0.147,17,71,6,0,40.77,-11.63
1.825,1.25,7.17,1.492,0.147,17,71,6,0,40.77,-11.63
1.830,1.25,7.17,1.492,0.147,17,71,6,0,40.77,-11.63
1.835,1.26,7.17,1.492,0.147,17,71,6,0,40.77,-11.63
1.840,1.26,7.17,1.492,0.147,17,71,6,0,40.77,-11.63
1.845,1.27,7.17,1.492,0.147,17,71,6,0,40.77,-11.63
1.850,1.27,7.17,1.492,0.147,17,71,6,0,40.77,-11.63
1.855,1.27,7.18,1.492,0.147,17,71,6,0,40.77,-11.63
1.860,1.28,7.17,1.492,0.147,17,71,6,0,40.77,-11.63
1.865,1.28,7.17,1.492,0.147,17,71,6,0,40.77,-11.63
1.870,1.28,7.18,1.492,0.147,17,71,6,0,40.77,-11.63
1.875,1.28,7.18,1.492,0.147,16,71,6,0,40.77,-11.63
1.880,1.29,7.17,1.492,0.147,16,71,6,0,40.77,-10.74
1.885,1.29,7.17,1.492,0.147,16,71,6,0,40.77,-10.74
1.890,1.29,7.17,1.492,0.147,16,71,6,0,40.77,-10.74
1.895,1.29,7.17,1.492,0.147,16,71,6,0,40.77,-10.74
1.900,1.29,7.16,1.492,0.147,16,71,6,0,40.77,-10.74
1.905,1.3,7.16,1.492,0.147,16,71,6,0,40.77,-10.74
1.910,1.3,7.16,1.492,0.147,16,71,6,0,40.77,-10.74
1.915,1.3,7.16,1.492,0.147,16,71,6,0,40.77,-10.74
1.920,1.3,7.16,1.492,0.147,16,71,6,0,40.77,-10.74
1.925,1.3,7.16,1.492,0.147,16,71,6,0,40.77,-10.74
1.930,1.3,7.16,1.492,0.147,16,71,6,0,40.77,-10.74
1.935,1.3,7.16,1.492,0.147,16,71,6,0,40.77,-10.74
1.940,1.31,7.16,1.492,0.147,16,71,6,0,40.77,-10.74
1.945,1.31,7.16,1.492,0.147,16,71,6,0,40.77,-10.74
1.950,1.31,7.15,1.492,0.147,16,71,6,0,40.77,-10.74
1.955,1.31,7.15,1.492,0.147,16,71,6,0,40.77,-10.74
1.960,1.31,7.15,1.492,0.147,16,71,6,0,40.77,-10.74
1.965,1.31,7.15,1.492,0.147,16,71,6,0,40.77,-10.74
1.970,1.31,7.15,1.492,0.147,16,71,6,0,40.77,-10.74
1.975,1.31,7.15,1.492,0.147,16,71,6,0,40.77,-10.74
1.980,1.31,7.15,1.492,0.147,16,71,6,0,40.77,-10.74
1.985,1.31,7.15,1.492,0.147,17,71,6,0,40.77,-10.74
1.990,1.31,7.15,1.492,0.147,17,71,6,0,40.77,-10.74
1.995,1.32,7.15,1.492,0.147,17,71,6,0,40.77,-10.74
2.000,1.32,7.15,1.492,0.147,17,71,6,0,40.77,-10.74
2.005,1.32,7.14,1.492,0.147,17,71,6,0,40.77,-10.74
2.010,1.32,7.13,1.492,0.147,17,71,6,0,40.77,-10.74
2.015,1.32,7.12,1.492,0.147,17,71,6,0,40.77,-10.74
2.020,1.33,7.03,1.492,0.147,17,71,6,0,40.77,-10.74
2.025,1.38,6.92,1.492,0.147,16,71,6,0,40.77,-10.74
2.030,1.43,6.76,1.492,0.147,16,71,6,0,40.77,-10.74
2.035,1.5,6.56,1.492,0.147,17,71,6,0,40.77,-10.74
2.040,1.62,6.06,1.492,0.148,17,74,6,0,40.77,-10.74
2.045,1.7,5.82,1.492,0.15,17,74,6,0,40.77,-10.74
2.050,1.78,5.61,1.492,0.152,17,74,6,0,40.77,-10.74
2.055,1.85,5.4,1.492,0.155,17,74,6,0,40.77,-10.74
2.060,1.95,5,1.492,0.157,17,74,6,0,40.77,-10.74
2.065,2.01,4.79,1.492,0.16,17,74,6,0,40.77,-10.74
2.070,2.08,4.58,1.492,0.163,17,74,6,0,40.77,-10.74
2.075,2.15,4.37,1.492,0.165,17,74,6,0,40.77,-10.74
2.080,2.29,3.96,1.492,0.167,17,74,6,0,40.77,-10.74
2.085,2.37,3.76,1.492,0.17,17,74,6,0,40.77,-10.74
2.090,2.46,3.57,1.492,0.172,17,74,6,0,40.77,-10.74
2.095,2.54,3.39,1.492,0.174,17,74,6,0,40.77,-10.74
2.100,2.71,3.12,1.492,0.178,17,74,6,0,40.77,-10.74
2.105,2.76,3.05,1.492,0.18,17,74,6,0,40.77,-10.74
2.110,2.81,3.04,1.492,0.182,17,74,6,0,40.77,-10.74
2.115,2.85,3.07,1.492,0.185,17,74,6,0,40.77,-10.74
2.120,2.96,3.22,1.492,0.187,17,74,6,0,40.77,-10.74
2.125,3,3.31,1.492,0.189,17,74,6,0,40.77,-10.74
2.130,3.04,3.36,1.492,0.193,17,74,6,0,40.77,-10.74
2.135,3.11,3.42,1.492,0.195,17,74,6,0,40.77,-10.74
2.140,3.27,3.54,1.492,0.198,17,74,6,0,40.77,-10.74
2.145,3.35,3.62,1.492,0.2,17,74,6,0,40.77,-10.74
2.150,3.43,3.69,1.492,0.202,17,74,6,0,40.77,-10.74
2.155,3.51,3.76,1.492,0.205,17,74,6,0,40.77,-10.74
2.160,3.67,3.93,1.492,0.207,17,74,6,0,40.77,-10.74
2.165,3.75,4.02,1.492,0.21,17,74,6,0,40.77,-10.74
2.170,3.83,4.1,1.492,0.213,17,74,6,0,40.77,-10.74
2.175,3.91,4.19,1.492,0.215,17,74,6,0,40.77,-10.74
2.180,4.09,4.35,1.492,0.216,17,81,6,0,40.77,-10.74
2.185,4.17,4.42,1.491,0.218,16,81,6,0,40.77,-10.74
2.190,4.26,4.49,1.49,0.219,16,81,6,0,40.77,-10.74
2.195,4.33,4.57,1.486,0.22,16,81,6,0,40.77,-10.74
2.200,4.44,4.72,1.483,0.222,16,81,6,0,40.77,-10.74
2.205,4.48,4.77,1.481,0.223,16,81,6,0,40.77,-10.74
2.210,4.53,4.81,1.479,0.224,16,81,6,0,40.77,-10.74
2.215,4.57,4.84,1.477,0.227,16,81,6,0,40.77,-10.74
2.220,4.64,4.9,1.475,0.228,16,81,6,0,40.77,-10.74
2.225,4.65,4.92,1.471,0.23,16,81,6,0,40.77,-10.74
2.230,4.66,4.94,1.469,0.231,16,81,6,0,40.77,-10.74
2.235,4.66,4.96,1.466,0.232,16,81,6,0,40.77,-10.74
2.240,4.66,4.94,1.464,0.234,16,81,6,0,40.77,-10.74
2.245,4.65,4.93,1.462,0.235,16,81,6,0,40.77,-10.74
2.250,4.64,4.91,1.459,0.237,16,81,6,0,40.77,-10.74
2.255,4.61,4.89,1.457,0.238,16,81,6,0,40.77,-10.74
2.260,4.54,4.83,1.454,0.239,16,81,6,0,40.77,-10.74
2.265,4.49,4.8,1.453,0.241,16,81,6,0,40.77,-10.74
2.270,4.45,4.76,1.451,0.243,16,81,6,0,40.77,-10.74
2.275,4.41,4.72,1.449,0.245,16,81,6,0,40.77,-10.74
2.280,4.35,4.64,1.448,0.246,16,81,6,0,40.77,-10.74
2.285,4.32,4.61,1.446,0.247,16,81,6,0,40.77,-10.74
2.290,4.29,4.58,1.444,0.249,16,81,6,0,40.77,-10.74
2.295,4.26,4.56,1.442,0.25,16,81,6,0,40.77,-10.74
2.300,4.2,4.5,1.441,0.252,16,81,6,0,40.77,-10.74
2.305,4.18,4.48,1.439,0.253,16,81,6,0,40.77,-10.74
2.310,4.17,4.45,1.438,0.255,16,81,6,0,40.77,-10.74
2.315,4.15,4.43,1.436,0.256,16,81,6,0,40.77,-10.74
2.320,4.11,4.41,1.434,0.257,16,81,6,0,40.77,-10.74
2.325,4.1,4.4,1.433,0.26,16,81,6,0,40.77,-10.74
2.330,4.08,4.38,1.431,0.261,16,81,6,0,40.77,-10.74
2.335,4.08,4.37,1.43,0.263,16,81,6,0,40.77,-10.74
2.340,4.07,4.35,1.428,0.264,16,81,6,0,40.77,-10.74
2.345,4.06,4.34,1.427,0.265,16,81,6,0,40.77,-10.74
2.350,4.05,4.34,1.425,0.267,16,81,6,0,40.77,-10.74
2.355,4.05,4.34,1.424,0.268,16,81,6,0,40.77,-10.74
2.360,4.04,4.33,1.422,0.27,16,81,6,0,40.77,-10.74
2.365,4.04,4.33,1.421,0.271,16,81,6,0,40.77,-10.74
2.370,4.04,4.33,1.419,0.272,16,81,6,0,40.77,-10.74
2.375,4.03,4.33,1.418,0.274,16,81,6,0,40.77,-10.74
2.380,4.03,4.33,1.416,0.276,16,81,6,0,40.77,-10.74
2.385,4.02,4.33,1.415,0.278,16,81,6,0,40.77,-11.55
2.390,4.02,4.33,1.413,0.279,16,81,6,0,40.77,-11.55
2.395,4.02,4.33,1.412,0.28,16,81,6,0,40.77,-11.55
2.400,4.02,4.32,1.41,0.282,16,81,6,0,40.77,-11.55
2.405,4.02,4.32,1.409,0.283,16,81,6,0,40.77,-11.55
2.410,4.02,4.33,1.407,0.285,16,81,6,0,40.77,-11.55
2.415,4.02,4.33,1.406,0.286,16,81,6,0,40.77,-11.55
2.420,4.02,4.33,1.404,0.288,16,81,6,0,40.77,-11.55
2.425,4.03,4.33,1.402,0.289,16,81,6,0,40.77,-11.55
2.430,4.03,4.33,1.401,0.29,16,81,6,0,40.77,-11.55
2.435,4.03,4.33,1.399,0.293,16,81,6,0,40.77,-11.55
2.440,4.02,4.34,1.398,0.294,16,81,6,0,40.77,-11.55
2.445,4.02,4.34,1.396,0.296,16,81,6,0,40.77,-11.55
2.450,4.02,4.33,1.395,0.297,16,81,6,0,40.77,-11.55
2.455,4.02,4.33,1.393,0.298,16,81,6,0,40.77,-11.55
2.460,4.02,4.33,1.392,0.3,16,81,6,0,40.77,-11.55
2.465,4.02,4.33,1.39,0.301,16,81,6,0,40.77,-11.55
2.470,4.02,4.33,1.388,0.303,16,81,6,0,40.77,-11.55
2.475,4.02,4.32,1.387,0.304,16,81,6,0,40.77,-11.55
2.480,4.02,4.32,1.385,0.305,16,81,6,0,40.77,-11.55
2.485,4.01,4.32,1.384,0.307,16,81,6,0,40.77,-11.55
2.490,4.01,4.32,1.382,0.309,16,81,6,0,40.77,-11.55
2.495,4.01,4.32,1.381,0.311,16,81,6,0,40.77,-11.55
2.500,4.01,4.32,1.379,0.312,16,81,6,0,40.77,-11.55
2.505,4,4.32,1.378,0.313,16,81,6,0,40.77,-11.55
2.510,4,4.32,1.376,0.315,16,81,6,0,40.77,-11.55
2.515,4,4.32,1.375,0.316,16,81,6,0,40.77,-11.55
2.520,4,4.32,1.373,0.318,16,81,6,0,40.77,-11.55
2.525,4,4.32,1.372,0.319,16,81,6,0,40.77,-11.55
2.530,4,4.32,1.37,0.321,16,81,6,0,40.77,-11.55
2.535,4,4.32,1.369,0.322,16,81,6,0,40.77,-11.55
2.540,4,4.33,1.367,0.323,16,81,6,0,40.77,-11.55
2.545,4,4.33,1.366,0.326,16,81,6,0,40.77,-11.55
2.550,4,4.33,1.364,0.327,16,81,6,0,40.77,-11.55
2.555,4.01,4.33,1.363,0.329,16,81,6,0,40.77,-11.55
2.560,4.01,4.34,1.361,0.33,16,81,6,0,40.77,-11.55
2.565,4,4.34,1.36,0.331,16,81,6,0,40.77,-11.55
2.570,4,4.34,1.358,0.333,16,81,6,0,40.77,-11.55
2.575,4,4.34,1.357,0.334,16,81,6,0,40.77,-11.55
2.580,4,4.34,1.355,0.336,16,81,6,0,40.77,-11.55
2.585,4,4.34,1.354,0.337,16,81,6,0,40.77,-11.55
2.590,4.01,4.34,1.352,0.338,16,81,6,0,40.77,-11.55
2.595,4.01,4.34,1.351,0.34,14,81,6,0,40.77,-11.55
2.600,4,4.34,1.349,0.341,14,81,6,0,40.77,-11.55
2.605,4,4.34,1.348,0.344,14,81,6,0,40.77,-11.55
2.610,4,4.34,1.346,0.345,14,81,6,0,40.77,-11.55
2.615,4.01,4.34,1.345,0.347,14,81,6,0,40.77,-11.55
2.620,4.01,4.34,1.344,0.348,14,81,6,0,40.77,-11.55
2.625,4.01,4.35,1.342,0.349,14,81,6,0,40.77,-11.55
2.630,4.01,4.35,1.341,0.351,14,81,6,0,40.77,-11.55
2.635,4.01,4.35,1.339,0.352,14,81,6,0,40.77,-11.55
2.640,4.01,4.35,1.338,0.354,14,81,6,0,40.77,-11.55
2.645,4.02,4.35,1.336,0.355,14,81,6,0,40.77,-11.55
2.650,4.02,4.35,1.334,0.356,14,81,6,0,40.77,-11.55
2.655,4.03,4.36,1.333,0.359,14,81,6,0,40.77,-11.55
2.660,4.02,4.37,1.331,0.36,16,81,6,0,40.77,-11.55
2.665,4.02,4.37,1.33,0.362,16,81,6,0,40.77,-11.55
2.670,4.03,4.37,1.328,0.363,16,81,6,0,40.77,-11.55
2.675,4.02,4.37,1.327,0.364,16,81,6,0,40.77,-11.55
2.680,4.03,4.36,1.325,0.366,16,81,6,0,40.77,-11.55
2.685,4.03,4.37,1.324,0.367,16,81,6,0,40.77,-11.55
2.690,4.03,4.37,1.322,0.369,16,81,6,0,40.77,-11.55
2.695,4.03,4.37,1.32,0.37,16,81,6,0,40.77,-11.55
2.700,4.02,4.36,1.319,0.371,16,81,6,0,40.77,-11.55
2.705,4.02,4.36,1.317,0.373,16,81,6,0,40.77,-11.55
2.710,4.02,4.36,1.316,0.374,16,81,6,0,40.77,-11.55
2.715,4.02,4.36,1.314,0.377,16,81,6,0,40.77,-11.55
2.720,4.02,4.36,1.313,0.378,16,81,6,0,40.77,-11.55
2.725,4.01,4.36,1.311,0.38,16,81,6,0,40.77,-11.55
2.730,4.01,4.37,1.31,0.381,16,81,6,0,40.77,-11.55
2.735,4,4.36,1.308,0.382,16,81,6,0,40.77,-11.55
2.740,4.01,4.36,1.307,0.384,16,81,6,0,40.77,-11.55
2.745,4.01,4.37,1.305,0.385,16,81,6,0,40.77,-11.55
2.750,4.01,4.38,1.304,0.387,16,81,6,0,40.77,-11.55
2.755,4.02,4.38,1.302,0.388,16,81,6,0,40.77,-11.55
2.760,4.01,4.38,1.301,0.389,16,81,6,0,40.77,-11.55
2.765,4.01,4.38,1.299,0.391,16,81,6,0,40.77,-11.55
2.770,4.01,4.38,1.298,0.393,16,81,6,0,40.77,-11.55
2.775,4.01,4.38,1.296,0.395,16,81,6,0,40.77,-11.55
2.780,4.01,4.39,1.295,0.396,16,81,6,0,40.77,-11.55
2.785,4.02,4.39,1.293,0.397,16,81,6,0,40.77,-11.55
2.790,4.02,4.4,1.292,0.399,16,81,6,0,40.77,-11.55
2.795,4.02,4.4,1.29,0.4,16,81,6,0,40.77,-11.55
2.800,4.01,4.4,1.289,0.402,16,81,6,0,40.77,-11.55
2.805,4.02,4.41,1.287,0.403,16,81,6,0,40.77,-11.55
2.810,4.02,4.41,1.286,0.405,16,81,6,0,40.77,-11.55
2.815,4.03,4.41,1.284,0.406,16,81,6,0,40.77,-11.55
2.820,4.02,4.4,1.283,0.407,16,81,6,0,40.77,-11.55
2.825,4.02,4.41,1.281,0.41,16,81,6,0,40.77,-11.55
2.830,4.02,4.41,1.28,0.411,16,81,6,0,40.77,-11.55
2.835,4.02,4.41,1.278,0.413,16,81,6,0,40.77,-11.55
2.840,4.02,4.41,1.277,0.414,16,81,6,0,40.77,-11.55
2.845,4.03,4.42,1.275,0.415,16,81,6,0,40.77,-11.55
2.850,4.03,4.42,1.274,0.417,16,81,6,0,40.77,-11.55
2.855,4.03,4.43,1.272,0.418,16,81,6,0,40.77,-11.55
2.860,4.03,4.43,1.27,0.42,16,81,6,0,40.77,-11.55
2.865,4.04,4.43,1.269,0.421,16,81,6,0,40.77,-11.55
2.870,4.04,4.43,1.267,0.422,16,81,6,0,40.77,-11.55
2.875,4.04,4.44,1.266,0.424,16,81,6,0,40.77,-11.55
2.880,4.05,4.44,1.264,0.426,16,81,6,0,40.77,-11.55
2.885,4.05,4.44,1.263,0.428,16,81,6,0,40.77,-11.55
2.890,4.05,4.44,1.261,0.429,16,81,6,0,40.77,-11.55
2.895,4.05,4.44,1.259,0.43,16,81,6,0,40.77,-11.63
2.900,4.05,4.44,1.258,0.432,16,81,6,0,40.77,-11.63
2.905,4.05,4.44,1.256,0.433,16,81,6,0,40.77,-11.63
2.910,4.05,4.45,1.255,0.435,16,81,6,0,40.77,-11.63
2.915,4.04,4.45,1.253,0.436,16,81,6,0,40.77,-11.63
2.920,4.05,4.44,1.252,0.438,16,81,6,0,40.77,-11.63
2.925,4.05,4.44,1.25,0.439,16,81,6,0,40.77,-11.63
2.930,4.05,4.44,1.249,0.44,16,81,6,0,40.77,-11.63
2.935,4.04,4.44,1.247,0.443,16,81,6,0,40.77,-11.63
2.940,4.04,4.44,1.245,0.444,16,81,6,0,40.77,-11.63
2.945,4.03,4.45,1.244,0.446,16,81,6,0,40.77,-11.63
2.950,4.03,4.44,1.242,0.447,16,81,6,0,40.77,-11.63
2.955,4.03,4.43,1.241,0.448,16,81,6,0,40.77,-11.63
2.960,4.02,4.43,1.239,0.45,16,81,6,0,40.77,-11.63
2.965,4.03,4.44,1.238,0.451,16,81,6,0,40.77,-11.63
2.970,4.03,4.44,1.236,0.453,16,81,6,0,40.77,-11.63
2.975,4.02,4.44,1.235,0.454,16,81,6,0,40.77,-11.63
2.980,4.02,4.45,1.233,0.455,16,81,6,0,40.77,-11.63
2.985,4.03,4.44,1.232,0.457,16,81,6,0,40.77,-11.63
2.990,4.03,4.44,1.23,0.459,16,81,6,0,40.77,-11.63
2.995,4.03,4.44,1.229,0.461,17,81,6,0,40.77,-11.63
3.000,4.03,4.45,1.227,0.462,17,81,6,0,40.77,-11.63
3.005,4.02,4.45,1.225,0.463,17,81,6,0,40.77,-11.63
3.010,4.02,4.45,1.224,0.465,17,81,6,0,40.77,-11.63
3.015,4.03,4.45,1.223,0.466,17,81,6,0,40.77,-11.63
3.020,4.03,4.45,1.221,0.468,17,81,6,0,40.77,-11.63
3.025,4.03,4.45,1.219,0.469,17,81,6,0,40.77,-11.63
3.030,4.03,4.46,1.218,0.471,17,81,6,0,40.77,-11.63
3.035,4.03,4.47,1.216,0.472,17,81,6,0,40.77,-11.63
3.040,4.03,4.46,1.215,0.473,17,81,6,0,40.77,-11.63
3.045,4.03,4.46,1.213,0.476,17,81,6,0,40.77,-11.63
3.050,4.03,4.46,1.212,0.477,17,81,6,0,40.77,-11.63
3.055,4.03,4.46,1.21,0.479,17,81,6,0,40.77,-11.63
3.060,4.03,4.46,1.209,0.48,17,81,6,0,40.77,-11.63
3.065,4.03,4.47,1.207,0.481,17,81,6,0,40.77,-11.63
3.070,4.03,4.47,1.206,0.483,17,81,6,0,40.77,-11.63
3.075,4.03,4.47,1.204,0.484,17,81,6,0,40.77,-11.63
3.080,4.03,4.46,1.203,0.486,17,81,6,0,40.77,-11.63
3.085,4.04,4.47,1.201,0.487,17,81,6,0,40.77,-11.63
3.090,4.04,4.47,1.2,0.488,17,81,6,0,40.77,-11.63
3.095,4.04,4.48,1.198,0.49,17,81,6,0,40.77,-11.63
3.100,4.04,4.48,1.197,0.491,17,81,6,0,40.77,-11.63
3.105,4.04,4.47,1.195,0.494,17,81,6,0,40.77,-11.63
3.110,4.04,4.47,1.194,0.495,17,81,6,0,40.77,-11.63
3.115,4.05,4.47,1.192,0.497,17,81,6,0,40.77,-11.63
3.120,4.05,4.47,1.19,0.498,17,81,6,0,40.77,-11.63
3.125,4.04,4.48,1.189,0.499,17,81,6,0,40.77,-11.63
3.130,4.04,4.49,1.187,0.501,17,81,6,0,40.77,-11.63
3.135,4.04,4.49,1.186,0.502,17,81,6,0,40.77,-11.63
3.140,4.04,4.49,1.184,0.504,17,81,6,0,40.77,-11.63
3.145,4.04,4.48,1.182,0.505,17,81,6,0,40.77,-11.63
3.150,4.04,4.49,1.181,0.506,17,81,6,0,40.77,-11.63
3.155,4.04,4.49,1.179,0.509,17,81,6,0,40.77,-11.63
3.160,4.04,4.49,1.178,0.51,18,81,6,0,40.77,-11.63
3.165,4.03,4.49,1.176,0.512,18,81,6,0,40.77,-11.63
3.170,4.03,4.49,1.174,0.513,18,81,6,0,40.77,-11.63
3.175,4.03,4.48,1.173,0.514,18,81,6,0,40.77,-11.63
3.180,4.03,4.48,1.171,0.516,18,81,6,0,40.77,-11.63
3.185,4.02,4.49,1.17,0.517,18,81,6,0,40.77,-11.63
3.190,4.02,4.49,1.168,0.519,18,81,6,0,40.77,-11.63
3.195,4.02,4.49,1.167,0.52,18,81,6,0,40.77,-11.63
3.200,4.02,4.49,1.165,0.521,18,81,6,0,40.77,-11.63
3.205,4.02,4.48,1.164,0.523,18,81,6,0,40.77,-11.63
3.210,4.02,4.48,1.162,0.524,18,81,6,0,40.77,-11.63
3.215,4.02,4.48,1.161,0.527,18,81,6,0,40.77,-11.63
3.220,4.02,4.48,1.159,0.528,18,81,6,0,40.77,-11.63
3.225,4.02,4.48,1.158,0.53,18,81,6,0,40.77,-11.63
3.230,4.02,4.47,1.156,0.531,18,81,6,0,40.77,-11.63
3.235,4.01,4.48,1.155,0.532,18,81,6,0,40.77,-11.63
3.240,4.02,4.47,1.153,0.534,18,81,6,0,40.77,-11.63
3.245,4.02,4.47,1.152,0.535,18,81,6,0,40.77,-11.63
3.250,4.02,4.48,1.15,0.537,17,81,6,0,40.77,-11.63
3.255,4.02,4.48,1.149,0.538,17,81,6,0,40.77,-11.63
3.260,4.02,4.49,1.147,0.539,17,81,6,0,40.77,-11.63
3.265,4.02,4.48,1.146,0.541,17,81,6,0,40.77,-11.63
3.270,4.03,4.48,1.144,0.543,17,81,6,0,40.77,-11.63
3.275,4.02,4.47,1.143,0.545,17,81,6,0,40.77,-11.63
3.280,4.02,4.48,1.141,0.546,17,81,6,0,40.77,-11.63
3.285,4.02,4.49,1.14,0.547,17,81,6,0,40.77,-11.63
3.290,4.02,4.49,1.138,0.549,17,81,6,0,40.77,-11.63
3.295,4.02,4.48,1.137,0.55,17,81,6,0,40.77,-11.63
3.300,4.03,4.49,1.135,0.552,17,81,6,0,40.77,-11.63
3.305,4.03,4.49,1.134,0.553,17,81,6,0,40.77,-11.63
3.310,4.03,4.5,1.132,0.555,17,81,6,0,40.77,-11.63
3.315,4.03,4.49,1.131,0.556,17,81,6,0,40.77,-11.63
3.320,4.03,4.5,1.129,0.557,17,81,6,0,40.77,-11.63
3.325,4.04,4.5,1.128,0.56,17,81,6,0,40.77,-11.63
3.330,4.04,4.49,1.126,0.561,17,81,6,0,40.77,-11.63
3.335,4.03,4.5,1.125,0.563,17,81,6,0,40.77,-11.63
3.340,4.03,4.5,1.123,0.564,17,81,6,0,40.77,-11.63
3.345,4.03,4.51,1.121,0.565,18,81,6,0,40.77,-11.63
3.350,4.03,4.51,1.12,0.567,18,81,6,0,40.77,-11.63
3.355,4.03,4.52,1.118,0.568,18,81,6,0,40.77,-11.63
3.360,4.03,4.51,1.117,0.57,18,81,6,0,40.77,-11.63
3.365,4.04,4.52,1.115,0.571,18,81,6,0,40.77,-11.63
3.370,4.04,4.52,1.114,0.572,18,81,6,0,40.77,-11.63
3.375,4.03,4.53,1.112,0.574,18,81,6,0,40.77,-11.63
3.380,4.03,4.52,1.111,0.576,18,81,6,0,40.77,-11.63
3.385,4.02,4.52,1.109,0.578,17,81,6,0,40.77,-11.63
3.390,4.02,4.52,1.107,0.579,17,81,6,0,40.77,-11.63
3.395,4.02,4.52,1.106,0.58,17,81,6,0,40.77,-11.63
3.400,4.02,4.52,1.104,0.582,17,81,6,0,40.77,-11.63
3.405,4.01,4.52,1.103,0.583,17,81,6,0,40.75,-11.65
3.410,4.01,4.53,1.101,0.585,17,81,6,0,40.75,-11.65
3.415,4.01,4.52,1.1,0.586,17,81,6,0,40.75,-11.65
3.420,4.01,4.52,1.098,0.588,17,81,6,0,40.75,-11.65
3.425,4.01,4.52,1.097,0.589,17,81,6,0,40.75,-11.65
3.430,4.01,4.52,1.095,0.59,17,81,6,0,40.75,-11.65
3.435,4.01,4.52,1.094,0.593,17,81,6,0,40.75,-11.65
3.440,4.01,4.51,1.092,0.594,17,81,6,0,40.75,-11.65
3.445,4.01,4.51,1.091,0.596,17,81,6,0,40.75,-11.65
3.450,4.01,4.51,1.089,0.597,17,81,6,0,40.75,-11.65
3.455,4.02,4.51,1.088,0.598,17,81,6,0,40.75,-11.65
3.460,4.02,4.52,1.086,0.6,17,81,6,0,40.75,-11.65
3.465,4.01,4.52,1.085,0.601,17,81,6,0,40.75,-11.65
3.470,4.02,4.52,1.083,0.603,17,81,6,0,40.75,-11.65
3.475,4.02,4.52,1.082,0.604,17,81,6,0,40.75,-11.65
3.480,4.02,4.52,1.08,0.605,17,81,6,0,40.75,-11.65
3.485,4.02,4.52,1.079,0.607,17,81,6,0,40.75,-11.65
3.490,4.02,4.52,1.077,0.609,17,81,6,0,40.75,-11.65
3.495,4.02,4.52,1.075,0.611,17,81,6,0,40.75,-11.65
3.500,4.02,4.52,1.074,0.612,17,81,6,0,40.75,-11.65
3.505,4.02,4.52,1.072,0.613,17,81,6,0,40.75,-11.65
3.510,4.01,4.52,1.071,0.615,17,81,6,0,40.75,-11.65
3.515,4.01,4.52,1.069,0.616,17,81,6,0,40.75,-11.65
3.520,4.02,4.52,1.068,0.618,17,81,6,0,40.75,-11.65
3.525,4.01,4.53,1.066,0.619,17,81,6,0,40.75,-11.65
3.530,4.02,4.53,1.065,0.621,17,81,6,0,40.75,-11.65
3.535,4.02,4.54,1.064,0.622,17,81,6,0,40.75,-11.65
3.540,4.02,4.54,1.062,0.623,16,81,6,0,40.75,-11.65
3.545,4.02,4.54,1.061,0.626,16,81,6,0,40.75,-11.65
3.550,4.02,4.54,1.059,0.627,16,81,6,0,40.75,-11.65
3.555,4.03,4.55,1.057,0.629,16,81,6,0,40.75,-11.65
3.560,4.03,4.55,1.056,0.63,16,81,6,0,40.75,-11.65
3.565,4.03,4.56,1.054,0.631,16,81,6,0,40.75,-11.65
3.570,4.03,4.55,1.053,0.633,16,81,6,0,40.75,-11.65
3.575,4.03,4.55,1.051,0.634,16,81,6,0,40.75,-11.65
3.580,4.03,4.55,1.05,0.636,16,81,6,0,40.75,-11.65
3.585,4.03,4.55,1.048,0.637,16,81,6,0,40.75,-11.65
3.590,4.03,4.56,1.047,0.638,16,81,6,0,40.75,-11.65
3.595,4.03,4.56,1.045,0.64,16,81,6,0,40.75,-11.65
3.600,4.03,4.56,1.044,0.641,16,81,6,0,40.75,-11.65
3.605,4.03,4.56,1.042,0.644,16,81,6,0,40.75,-11.65
3.610,4.03,4.56,1.04,0.645,16,81,6,0,40.75,-11.65
3.615,4.03,4.55,1.039,0.647,16,81,6,0,40.75,-11.65
3.620,4.02,4.56,1.037,0.648,16,81,6,0,40.75,-11.65
3.625,4.02,4.56,1.036,0.649,16,81,6,0,40.75,-11.65
3.630,4.01,4.55,1.034,0.651,16,81,6,0,40.75,-11.65
3.635,4.01,4.54,1.033,0.652,16,81,6,0,40.75,-11.65
3.640,4.01,4.54,1.031,0.654,16,81,6,0,40.75,-11.65
3.645,4.01,4.54,1.03,0.655,16,81,6,0,40.75,-11.65
3.650,4.01,4.55,1.028,0.656,16,81,6,0,40.75,-11.65
3.655,4.01,4.55,1.027,0.659,16,81,6,0,40.75,-11.65
3.660,4.01,4.55,1.025,0.66,16,81,6,0,40.75,-11.65
3.665,4.01,4.55,1.024,0.662,16,81,6,0,40.75,-11.65
3.670,4.01,4.54,1.022,0.663,16,81,6,0,40.75,-11.65
3.675,4.01,4.55,1.021,0.664,16,81,6,0,40.75,-11.65
3.680,4,4.56,1.019,0.666,16,81,6,0,40.75,-11.65
3.685,4,4.55,1.018,0.667,16,81,6,0,40.75,-11.65
3.690,4.01,4.55,1.016,0.669,16,81,6,0,40.75,-11.65
3.695,4.01,4.55,1.015,0.67,16,81,6,0,40.75,-11.65
3.700,4.01,4.55,1.013,0.671,16,81,6,0,40.75,-11.65
3.705,4.01,4.54,1.012,0.673,16,81,6,0,40.75,-11.65
3.710,4,4.56,1.01,0.674,16,81,6,0,40.75,-11.65
3.715,4.01,4.56,1.009,0.677,16,81,6,0,40.75,-11.65
3.720,4,4.56,1.007,0.678,16,81,6,0,40.75,-11.65
3.725,4.01,4.56,1.006,0.68,16,81,6,0,40.75,-11.65
3.730,4.01,4.56,1.004,0.681,16,81,6,0,40.75,-11.65
3.735,4,4.56,1.003,0.682,16,81,6,0,40.75,-11.65
3.740,4,4.56,1.001,0.684,16,81,6,0,40.75,-11.65
3.745,4,4.57,1,0.685,16,81,6,0,40.75,-11.65
3.750,4.01,4.57,0.998,0.687,16,81,6,0,40.75,-11.65
3.755,4.01,4.57,0.997,0.688,16,81,6,0,40.75,-11.65
3.760,4.01,4.57,0.995,0.689,16,81,6,0,40.75,-11.65
3.765,4.02,4.58,0.994,0.691,16,81,6,0,40.75,-11.65
3.770,4.02,4.58,0.992,0.693,16,81,6,0,40.75,-11.65
3.775,4.02,4.58,0.991,0.695,16,81,6,0,40.75,-11.65
3.780,4.02,4.58,0.989,0.696,16,81,6,0,40.75,-11.65
3.785,4.03,4.59,0.988,0.697,16,81,6,0,40.75,-11.65
3.790,4.03,4.58,0.986,0.699,16,81,6,0,40.75,-11.65
3.795,4.03,4.58,0.985,0.7,16,81,6,0,40.75,-11.65
3.800,4.02,4.59,0.983,0.702,16,81,6,0,40.75,-11.65
3.805,4.02,4.59,0.982,0.703,16,81,6,0,40.75,-11.65
3.810,4.02,4.59,0.98,0.705,16,81,6,0,40.75,-11.65
3.815,4.03,4.59,0.979,0.706,16,81,6,0,40.75,-11.65
3.820,4.02,4.59,0.977,0.707,16,81,6,0,40.75,-11.65
3.825,4.02,4.59,0.975,0.71,16,81,6,0,40.75,-11.65
3.830,4.02,4.59,0.974,0.711,17,81,6,0,40.75,-11.65
3.835,4.02,4.59,0.972,0.713,17,81,6,0,40.75,-11.65
3.840,4.02,4.59,0.971,0.714,17,81,6,0,40.75,-11.65
3.845,4.02,4.59,0.969,0.715,17,81,6,0,40.75,-11.65
3.850,4.01,4.59,0.968,0.717,16,81,6,0,40.75,-11.65
3.855,4.01,4.58,0.966,0.718,16,81,6,0,40.75,-11.65
3.860,4.01,4.58,0.965,0.72,16,81,6,0,40.75,-11.65
3.865,4,4.59,0.963,0.721,16,81,6,0,40.75,-11.65
3.870,4,4.59,0.962,0.722,16,81,6,0,40.75,-11.65
3.875,4,4.59,0.96,0.724,16,81,6,0,40.75,-11.65
3.880,4,4.59,0.959,0.726,16,81,6,0,40.75,-11.65
3.885,4,4.59,0.957,0.728,14,81,6,0,40.75,-11.65
3.890,4.01,4.59,0.955,0.729,14,81,6,0,40.75,-11.65
3.895,4,4.59,0.954,0.73,14,81,6,0,40.75,-11.65
3.900,4,4.59,0.952,0.732,14,81,6,0,40.75,-11.65
3.905,4,4.59,0.951,0.733,14,81,6,0,40.75,-11.65
3.910,4,4.59,0.949,0.735,14,81,6,0,40.75,-11.65
3.915,4,4.59,0.948,0.736,14,81,6,0,40.75,-11.65
3.920,4,4.59,0.946,0.738,14,81,6,0,40.77,-11.65
3.925,4,4.59,0.945,0.739,14,81,6,0,40.77,-11.65
3.930,4,4.59,0.943,0.74,14,81,6,0,40.77,-11.65
3.935,4,4.6,0.942,0.743,14,81,6,0,40.77,-11.65
3.940,4,4.59,0.94,0.744,14,81,6,0,40.77,-11.65
3.945,4,4.59,0.939,0.746,14,81,6,0,40.77,-11.65
3.950,4.01,4.6,0.938,0.747,14,81,6,0,40.77,-11.65
3.955,4.01,4.59,0.936,0.748,14,81,6,0,40.77,-11.65
3.960,4.01,4.6,0.934,0.75,14,81,6,0,40.77,-11.65
3.965,4,4.61,0.933,0.751,14,81,6,0,40.77,-11.65
3.970,4,4.61,0.931,0.753,14,81,6,0,40.77,-11.65
3.975,4.01,4.61,0.93,0.754,16,81,6,0,40.77,-11.65
3.980,4.01,4.6,0.929,0.755,16,81,6,0,40.77,-11.65
3.985,4.01,4.6,0.927,0.757,16,81,6,0,40.77,-11.65
3.990,4.01,4.61,0.926,0.759,16,81,6,0,40.77,-11.65
3.995,4.01,4.61,0.924,0.761,16,81,6,0,40.77,-11.65
4.000,4.01,4.62,0.923,0.762,16,81,6,0,40.77,-11.65
4.005,4.01,4.62,0.921,0.763,16,81,6,0,40.77,-11.65
4.010,4.02,4.62,0.92,0.765,16,81,6,0,40.77,-11.65
4.015,4.02,4.62,0.918,0.766,16,81,6,0,40.77,-11.65
4.020,4.02,4.63,0.916,0.768,16,81,6,0,40.77,-11.65
4.025,4.02,4.63,0.915,0.769,16,81,6,0,40.77,-11.65
4.030,4.02,4.63,0.913,0.771,16,81,6,0,40.77,-11.65
4.035,4.02,4.63,0.912,0.772,16,81,6,0,40.77,-11.65
4.040,4.02,4.63,0.91,0.773,16,81,6,0,40.77,-11.65
4.045,4.02,4.63,0.909,0.776,16,81,6,0,40.77,-11.65
4.050,4.02,4.64,0.907,0.777,16,81,6,0,40.77,-11.65
4.055,4.02,4.64,0.906,0.779,16,81,6,0,40.77,-11.65
4.060,4.02,4.65,0.904,0.78,16,81,6,0,40.77,-11.65
4.065,4.02,4.65,0.903,0.781,16,81,6,0,40.77,-11.65
4.070,4.02,4.65,0.901,0.783,16,81,6,0,40.77,-11.65
4.075,4.02,4.65,0.9,0.784,16,81,6,0,40.77,-11.65
4.080,4.02,4.65,0.898,0.786,16,81,6,0,40.77,-11.65
4.085,4.02,4.65,0.896,0.787,16,81,6,0,40.77,-11.65
4.090,4.02,4.65,0.895,0.788,16,81,6,0,40.77,-11.65
4.095,4.01,4.65,0.893,0.79,16,81,6,0,40.77,-11.65
4.100,4.02,4.65,0.892,0.791,16,81,6,0,40.77,-11.65
4.105,4.02,4.65,0.89,0.794,14,81,6,0,40.77,-11.65
4.110,4.02,4.65,0.889,0.795,14,81,6,0,40.77,-11.65
4.115,4.02,4.65,0.887,0.797,14,81,6,0,40.77,-11.65
4.120,4.02,4.66,0.886,0.798,14,81,6,0,40.77,-11.65
4.125,4.03,4.66,0.884,0.799,14,81,6,0,40.77,-11.65
4.130,4.03,4.66,0.883,0.801,14,81,6,0,40.77,-11.65
4.135,4.03,4.66,0.881,0.802,14,81,6,0,40.77,-11.65
4.140,4.03,4.66,0.88,0.804,14,81,6,0,40.77,-11.65
4.145,4.02,4.66,0.878,0.805,16,81,6,0,40.77,-11.65
4.150,4.02,4.66,0.876,0.806,16,81,6,0,40.77,-11.65
4.155,4.02,4.66,0.875,0.809,14,81,6,0,40.77,-11.65
4.160,4.02,4.66,0.874,0.81,14,81,6,0,40.77,-11.65
4.165,4.02,4.66,0.872,0.812,14,81,6,0,40.77,-11.65
4.170,4.03,4.66,0.871,0.813,14,81,6,0,40.77,-11.65
4.175,4.03,4.66,0.869,0.814,14,81,6,0,40.77,-11.65
4.180,4.03,4.66,0.867,0.816,14,81,6,0,40.77,-11.65
4.185,4.03,4.67,0.866,0.817,14,81,6,0,40.77,-11.65
4.190,4.03,4.67,0.864,0.819,14,81,6,0,40.77,-11.65
4.195,4.04,4.67,0.863,0.82,14,81,6,0,40.77,-11.65
4.200,4.04,4.67,0.861,0.821,14,81,6,0,40.77,-11.65
4.205,4.04,4.67,0.86,0.823,14,81,6,0,40.77,-11.65
4.210,4.05,4.68,0.858,0.824,14,81,6,0,40.77,-11.65
4.215,4.05,4.69,0.857,0.827,16,81,6,0,40.77,-11.65
4.220,4.06,4.7,0.855,0.828,16,81,6,0,40.77,-11.65
4.225,4.07,4.7,0.854,0.83,16,81,6,0,40.77,-11.65
4.230,4.08,4.71,0.852,0.831,14,81,6,0,40.77,-11.65
4.235,4.09,4.72,0.85,0.832,14,81,6,0,40.77,-11.65
4.240,4.1,4.73,0.849,0.834,14,81,6,0,40.77,-11.65
4.245,4.11,4.74,0.847,0.835,16,81,6,0,40.77,-11.65
4.250,4.12,4.76,0.845,0.837,16,81,6,0,40.77,-11.65
4.255,4.13,4.77,0.844,0.838,16,81,6,0,40.77,-11.65
4.260,4.15,4.78,0.842,0.839,16,81,6,0,40.77,-11.65
4.265,4.16,4.79,0.84,0.841,16,81,6,0,40.77,-11.65
4.270,4.18,4.82,0.838,0.843,16,81,6,0,40.77,-11.65
4.275,4.19,4.84,0.836,0.845,16,81,6,0,40.77,-11.65
4.280,4.2,4.85,0.835,0.846,16,81,6,0,40.77,-11.65
4.285,4.21,4.86,0.833,0.847,16,81,6,0,40.77,-11.65
4.290,4.24,4.89,0.831,0.849,16,81,6,0,40.77,-11.65
4.295,4.26,4.89,0.829,0.85,17,81,6,0,40.77,-11.65
4.300,4.27,4.9,0.827,0.852,17,81,6,0,40.77,-11.65
4.305,4.28,4.92,0.825,0.853,17,81,6,0,40.77,-11.65
4.310,4.31,4.96,0.823,0.855,17,81,6,0,40.77,-11.65
4.315,4.32,4.97,0.821,0.856,16,81,6,0,40.77,-11.65
4.320,4.34,4.98,0.819,0.857,16,81,6,0,40.77,-11.65
4.325,4.35,4.99,0.817,0.86,16,81,6,0,40.77,-11.65
4.330,4.38,5.04,0.815,0.861,16,81,6,0,40.77,-11.65
4.335,4.4,5.05,0.813,0.863,17,81,6,0,40.77,-11.65
4.340,4.41,5.06,0.811,0.864,17,81,6,0,40.77,-11.65
4.345,4.43,5.07,0.809,0.865,16,81,6,0,40.77,-11.65
4.350,4.46,5.09,0.807,0.867,16,81,6,0,40.77,-11.65
4.355,4.47,5.1,0.804,0.868,16,81,6,0,40.77,-11.65
4.360,4.49,5.12,0.802,0.87,16,81,6,0,40.77,-11.65
4.365,4.5,5.13,0.8,0.871,16,81,6,0,40.77,-11.65
4.370,4.53,5.16,0.798,0.872,16,81,6,0,40.77,-11.65
4.375,4.54,5.18,0.796,0.874,16,81,6,0,40.77,-11.65
4.380,4.55,5.19,0.794,0.876,16,81,6,0,40.77,-11.65
4.385,4.57,5.2,0.791,0.878,16,81,6,0,40.77,-11.65
4.390,4.59,5.23,0.789,0.879,16,81,6,0,40.77,-11.65
4.395,4.6,5.24,0.787,0.88,16,81,6,0,40.77,-11.65
4.400,4.61,5.25,0.785,0.882,16,81,6,0,40.77,-11.65
4.405,4.63,5.26,0.782,0.883,16,81,6,0,40.77,-11.65
4.410,4.65,5.28,0.78,0.885,16,81,6,0,40.77,-11.65
4.415,4.65,5.3,0.778,0.886,16,81,6,0,40.77,-11.65
4.420,4.66,5.31,0.775,0.888,17,81,6,0,40.77,-11.65
4.425,4.67,5.32,0.773,0.889,17,81,6,0,40.74,-11.65
4.430,4.69,5.35,0.771,0.89,17,81,6,0,40.74,-11.65
4.435,4.69,5.36,0.768,0.893,17,81,6,0,40.74,-11.65
4.440,4.7,5.36,0.766,0.894,17,81,6,0,40.74,-11.65
4.445,4.71,5.37,0.763,0.896,17,81,6,0,40.74,-11.65
4.450,4.72,5.37,0.761,0.897,18,81,6,0,40.74,-11.65
4.455,4.72,5.38,0.758,0.898,18,81,6,0,40.74,-11.65
4.460,4.72,5.38,0.756,0.9,18,81,6,0,40.74,-11.65
4.465,4.72,5.39,0.753,0.901,18,81,6,0,40.74,-11.65
4.470,4.71,5.38,0.751,0.903,18,81,6,0,40.74,-11.65
4.475,4.7,5.37,0.748,0.904,19,81,6,0,40.74,-11.65
4.480,4.68,5.36,0.746,0.905,19,81,6,0,40.74,-11.65
4.485,4.67,5.35,0.744,0.907,19,81,6,0,40.74,-11.65
4.490,4.65,5.33,0.742,0.909,19,81,6,0,40.74,-11.65
4.495,4.63,5.32,0.739,0.911,20,81,6,0,40.74,-11.65
4.500,4.61,5.31,0.737,0.912,20,81,6,0,40.74,-11.65
4.505,4.59,5.29,0.735,0.913,20,81,6,0,40.74,-11.65
4.510,4.55,5.25,0.733,0.915,20,81,6,0,40.74,-11.65
4.515,4.53,5.23,0.731,0.916,20,81,6,0,40.74,-11.65
4.520,4.51,5.21,0.729,0.918,20,81,6,0,40.74,-11.65
4.525,4.49,5.19,0.727,0.919,20,81,6,0,40.74,-11.65
4.530,4.44,5.17,0.725,0.921,20,81,6,0,40.74,-11.65
4.535,4.42,5.15,0.723,0.922,20,81,6,0,40.74,-11.65
4.540,4.4,5.13,0.721,0.923,20,81,6,0,40.74,-11.65
4.545,4.38,5.1,0.72,0.926,20,81,6,0,40.74,-11.65
4.550,4.35,5.08,0.718,0.927,20,81,6,0,40.74,-11.65
4.555,4.33,5.06,0.716,0.929,20,81,6,0,40.74,-11.65
4.560,4.32,5.05,0.714,0.93,20,81,6,0,40.74,-11.65
4.565,4.31,5.04,0.712,0.931,20,81,6,0,40.74,-11.65
4.570,4.28,5.01,0.711,0.933,20,81,6,0,40.74,-11.65
4.575,4.27,4.99,0.709,0.934,20,81,6,0,40.74,-11.65
4.580,4.26,4.98,0.707,0.936,20,81,6,0,40.74,-11.65
4.585,4.24,4.97,0.705,0.937,19,81,6,0,40.74,-11.65
4.590,4.22,4.95,0.704,0.938,19,81,6,0,40.74,-11.65
4.595,4.21,4.94,0.702,0.94,19,81,6,0,40.74,-11.65
4.600,4.2,4.93,0.7,0.941,19,81,6,0,40.74,-11.65
4.605,4.19,4.92,0.699,0.944,20,81,6,0,40.74,-11.65
4.610,4.17,4.9,0.697,0.945,20,81,6,0,40.74,-11.65
4.615,4.16,4.9,0.695,0.947,20,81,6,0,40.74,-11.65
4.620,4.15,4.89,0.694,0.948,20,81,6,0,40.74,-11.65
4.625,4.14,4.88,0.692,0.949,20,81,6,0,40.74,-11.65
4.630,4.13,4.86,0.69,0.951,20,81,6,0,40.74,-11.65
4.635,4.12,4.85,0.689,0.952,20,81,6,0,40.74,-11.65
4.640,4.11,4.84,0.687,0.954,20,81,6,0,40.74,-11.65
4.645,4.1,4.84,0.685,0.955,20,81,6,0,40.74,-11.65
4.650,4.09,4.84,0.684,0.956,20,81,6,0,40.74,-11.65
4.655,4.09,4.83,0.682,0.959,20,81,6,0,40.74,-11.65
4.660,4.08,4.82,0.681,0.96,19,81,6,0,40.74,-11.65
4.665,4.08,4.81,0.679,0.962,19,81,6,0,40.74,-11.65
4.670,4.07,4.81,0.677,0.963,19,81,6,0,40.74,-11.65
4.675,4.07,4.81,0.676,0.964,19,81,6,0,40.74,-11.65
4.680,4.06,4.81,0.674,0.966,19,81,6,0,40.74,-11.65
4.685,4.06,4.81,0.673,0.967,19,81,6,0,40.74,-11.65
4.690,4.06,4.79,0.671,0.969,19,81,6,0,40.74,-11.65
4.695,4.06,4.79,0.67,0.97,19,81,6,0,40.74,-11.65
4.700,4.06,4.79,0.668,0.971,19,81,6,0,40.74,-11.65
4.705,4.05,4.79,0.666,0.973,19,81,6,0,40.74,-11.65
4.710,4.05,4.79,0.665,0.974,19,81,6,0,40.74,-11.65
4.715,4.05,4.79,0.663,0.977,19,81,6,0,40.74,-11.65
4.720,4.04,4.78,0.662,0.978,18,81,6,0,40.74,-11.65
4.725,4.04,4.78,0.66,0.98,18,81,6,0,40.74,-11.65
4.730,4.03,4.77,0.659,0.981,18,81,6,0,40.74,-11.65
4.735,4.02,4.77,0.657,0.982,18,81,6,0,40.74,-11.65
4.740,4.02,4.78,0.656,0.984,17,81,6,0,40.74,-11.65
4.745,4.02,4.77,0.654,0.985,17,81,6,0,40.74,-11.65
4.750,4.01,4.77,0.653,0.987,17,81,6,0,40.74,-11.65
4.755,4.01,4.77,0.651,0.988,17,81,6,0,40.74,-11.65
4.760,4.01,4.77,0.65,0.989,17,81,6,0,40.74,-11.65
4.765,4,4.76,0.648,0.991,17,81,6,0,40.74,-11.65
4.770,4,4.77,0.647,0.993,17,81,6,0,40.74,-11.65
4.775,4,4.77,0.645,0.995,17,81,6,0,40.74,-11.65
4.780,4,4.77,0.644,0.996,16,81,6,0,40.74,-11.65
4.785,4,4.77,0.642,0.997,16,81,6,0,40.74,-11.65
4.790,4,4.77,0.641,0.999,16,81,6,0,40.74,-11.65
4.795,4.01,4.77,0.639,1,16,81,6,0,40.74,-11.65
4.800,4.01,4.77,0.638,1.002,16,81,6,0,40.74,-11.65
4.805,4.01,4.77,0.636,1.003,16,81,6,0,40.74,-11.65
4.810,4.02,4.78,0.635,1.005,16,81,6,0,40.74,-11.65
4.815,4.02,4.78,0.633,1.006,16,81,6,0,40.74,-11.65
4.820,4.02,4.78,0.632,1.007,16,81,6,0,40.74,-11.65
4.825,4.02,4.78,0.63,1.01,16,81,6,0,40.74,-11.65
4.830,4.02,4.77,0.629,1.011,17,81,6,0,40.74,-11.65
4.835,4.03,4.77,0.627,1.013,17,81,6,0,40.74,-11.65
4.840,4.02,4.78,0.626,1.014,17,81,6,0,40.74,-11.65
4.845,4.02,4.78,0.624,1.015,17,81,6,0,40.74,-11.65
4.850,4.02,4.77,0.623,1.017,17,81,6,0,40.74,-11.65
4.855,4.02,4.77,0.621,1.018,18,81,6,0,40.74,-11.65
4.860,4.02,4.77,0.62,1.02,18,81,6,0,40.74,-11.65
4.865,4.02,4.76,0.618,1.021,18,81,6,0,40.74,-11.65
4.870,4.01,4.77,0.616,1.022,18,81,6,0,40.74,-11.65
4.875,4,4.77,0.615,1.024,18,81,6,0,40.74,-11.65
4.880,4,4.77,0.614,1.026,18,81,6,0,40.74,-11.65
4.885,4,4.77,0.612,1.028,19,81,6,0,40.74,-11.65
4.890,3.99,4.76,0.611,1.029,19,81,6,0,40.74,-11.65
4.895,3.99,4.76,0.609,1.03,19,81,6,0,40.74,-11.65
4.900,3.99,4.76,0.607,1.032,19,81,6,0,40.74,-11.65
4.905,3.99,4.76,0.606,1.033,20,81,6,0,40.74,-11.65
4.910,3.99,4.76,0.604,1.035,20,81,6,0,40.74,-11.65
4.915,3.99,4.76,0.603,1.036,20,81,6,0,40.74,-11.65
4.920,3.99,4.76,0.601,1.038,20,81,6,0,40.74,-11.65
4.925,3.99,4.76,0.6,1.039,21,81,6,0,40.74,-11.65
4.930,3.98,4.77,0.599,1.04,21,81,6,0,40.74,-11.65
4.935,3.98,4.77,0.597,1.043,21,81,6,0,40.75,-11.65
4.940,3.98,4.77,0.596,1.044,21,81,6,0,40.75,-11.65
4.945,3.98,4.77,0.594,1.046,21,81,6,0,40.75,-11.65
4.950,3.98,4.77,0.593,1.047,21,81,6,0,40.75,-11.65
4.955,3.98,4.77,0.591,1.048,21,81,6,0,40.75,-11.65
4.960,3.98,4.78,0.59,1.05,21,81,6,0,40.75,-11.65
4.965,3.98,4.78,0.588,1.051,21,81,6,0,40.75,-11.65
4.970,3.98,4.78,0.587,1.053,21,81,6,0,40.75,-11.65
4.975,3.98,4.78,0.586,1.054,20,81,6,0,40.75,-11.65
4.980,3.98,4.78,0.584,1.055,20,81,6,0,40.75,-11.65
4.985,3.98,4.79,0.583,1.057,20,81,6,0,40.75,-11.65
4.990,3.98,4.79,0.581,1.059,20,81,6,0,40.75,-11.65
4.995,3.98,4.79,0.58,1.061,20,81,6,0,40.75,-11.65
5.000,3.98,4.79,0.578,1.062,20,81,6,0,40.75,-11.65
5.005,3.98,4.8,0.577,1.063,20,81,6,0,40.75,-11.65
5.010,3.98,4.8,0.575,1.065,20,81,6,0,40.75,-11.65
5.015,3.99,4.8,0.574,1.066,19,81,6,0,40.75,-11.65
5.020,3.99,4.8,0.572,1.068,19,81,6,0,40.75,-11.65
5.025,3.99,4.81,0.571,1.069,19,81,6,0,40.75,-11.65
5.030,4,4.81,0.569,1.071,19,81,6,0,40.75,-11.65
5.035,4,4.81,0.568,1.072,19,81,6,0,40.75,-11.65
5.040,4,4.81,0.566,1.073,19,81,6,0,40.75,-11.65
5.045,4,4.81,0.565,1.076,20,81,6,0,40.75,-11.65
5.050,4,4.82,0.563,1.077,20,81,6,0,40.75,-11.65
5.055,4,4.82,0.562,1.079,21,81,6,0,40.75,-11.65
5.060,4,4.83,0.56,1.08,21,81,6,0,40.75,-11.65
5.065,4,4.83,0.559,1.081,22,81,6,0,40.75,-11.65
5.070,4,4.83,0.557,1.083,22,81,6,0,40.75,-11.65
5.075,4,4.83,0.556,1.084,23,81,6,0,40.75,-11.65
5.080,4,4.83,0.554,1.086,24,81,6,0,40.75,-11.65
5.085,4,4.83,0.553,1.087,25,81,6,0,40.75,-11.65
5.090,4,4.83,0.551,1.088,26,81,6,0,40.75,-11.65
5.095,4,4.83,0.55,1.09,26,81,6,0,40.75,-11.65
5.100,3.99,4.83,0.548,1.091,27,81,6,0,40.75,-11.65
5.105,3.99,4.82,0.547,1.094,28,81,6,0,40.75,-11.65
5.110,3.99,4.83,0.545,1.095,28,81,6,0,40.75,-11.65
5.115,3.99,4.83,0.544,1.097,29,81,6,0,40.75,-11.65
5.120,3.99,4.83,0.542,1.098,30,81,6,0,40.75,-11.65
5.125,3.99,4.83,0.541,1.099,31,81,6,0,40.75,-11.65
5.130,3.99,4.83,0.539,1.101,31,81,6,0,40.75,-11.65
5.135,3.99,4.83,0.538,1.102,32,81,6,0,40.75,-11.65
5.140,3.99,4.83,0.536,1.104,32,81,6,0,40.75,-11.65
5.145,3.99,4.83,0.535,1.105,32,81,6,0,40.75,-11.65
5.150,4,4.83,0.533,1.106,33,81,6,0,40.75,-11.65
5.155,4,4.84,0.532,1.109,33,81,6,0,40.75,-11.65
5.160,3.99,4.83,0.53,1.11,33,81,6,0,40.75,-11.65
5.165,4,4.83,0.529,1.112,34,81,6,0,40.75,-11.65
5.170,4,4.83,0.527,1.113,34,81,6,0,40.75,-11.65
5.175,4,4.83,0.526,1.114,34,81,6,0,40.75,-11.65
5.180,3.99,4.83,0.524,1.116,34,81,6,0,40.75,-11.65
5.185,3.99,4.84,0.523,1.117,33,81,6,0,40.75,-11.65
5.190,3.99,4.84,0.521,1.119,33,81,6,0,40.75,-11.65
5.195,3.99,4.83,0.52,1.12,33,81,6,0,40.75,-11.65
5.200,3.99,4.83,0.518,1.121,32,81,6,0,40.75,-11.65
5.205,3.99,4.83,0.517,1.123,32,81,6,0,40.75,-11.65
5.210,3.99,4.84,0.515,1.124,31,81,6,0,40.75,-11.65
5.215,3.99,4.84,0.514,1.127,31,81,6,0,40.75,-11.65
5.220,3.99,4.84,0.512,1.128,31,81,6,0,40.75,-11.65
5.225,3.99,4.84,0.511,1.13,30,81,6,0,40.75,-11.65
5.230,4,4.84,0.509,1.131,30,81,6,0,40.75,-11.65
5.235,4,4.84,0.508,1.132,29,81,6,0,40.75,-11.65
5.240,4,4.85,0.506,1.134,29,81,6,0,40.75,-11.65
5.245,4,4.85,0.505,1.135,28,81,6,0,40.75,-11.65
5.250,4.01,4.86,0.503,1.137,28,81,6,0,40.75,-11.65
5.255,4.01,4.86,0.502,1.138,27,81,6,0,40.75,-11.65
5.260,4.01,4.86,0.5,1.139,27,81,6,0,40.75,-11.65
5.265,4.02,4.86,0.499,1.141,26,81,6,0,40.75,-11.65
5.270,4.02,4.87,0.497,1.143,26,81,6,0,40.75,-11.65
5.275,4.02,4.87,0.496,1.145,25,81,6,0,40.75,-11.65
5.280,4.02,4.87,0.494,1.146,25,81,6,0,40.75,-11.65
5.285,4.02,4.87,0.493,1.147,25,81,6,0,40.75,-11.65
5.290,4.03,4.87,0.491,1.149,25,81,6,0,40.75,-11.65
5.295,4.02,4.87,0.49,1.15,26,81,6,0,40.75,-11.65
5.300,4.02,4.87,0.488,1.152,26,81,6,0,40.75,-11.65
5.305,4.02,4.88,0.487,1.153,27,81,6,0,40.75,-11.65
5.310,4.02,4.87,0.485,1.155,28,81,6,0,40.75,-11.65
5.315,4.02,4.87,0.484,1.156,28,81,6,0,40.75,-11.65
5.320,4.02,4.87,0.482,1.157,29,81,6,0,40.75,-11.65
5.325,4.02,4.87,0.481,1.16,30,81,6,0,40.75,-11.65
5.330,4.02,4.87,0.479,1.161,30,81,6,0,40.75,-11.65
5.335,4.02,4.88,0.478,1.163,31,81,6,0,40.75,-11.65
5.340,4.02,4.88,0.476,1.164,32,81,6,0,40.75,-11.65
5.345,4.02,4.87,0.474,1.165,33,81,6,0,40.75,-11.65
5.350,4.02,4.88,0.473,1.167,33,81,6,0,40.75,-11.65
5.355,4.02,4.88,0.471,1.168,34,81,6,0,40.75,-11.65
5.360,4.01,4.88,0.47,1.17,35,81,6,0,40.75,-11.65
5.365,4.01,4.88,0.468,1.171,36,81,6,0,40.75,-11.65
5.370,4.01,4.88,0.467,1.172,36,81,6,0,40.75,-11.65
5.375,4.01,4.87,0.465,1.174,37,81,6,0,40.75,-11.65
5.380,4.01,4.88,0.464,1.176,38,81,6,0,40.75,-11.65
5.385,4.01,4.88,0.462,1.178,38,81,6,0,40.75,-11.65
5.390,4,4.88,0.461,1.179,38,81,6,0,40.75,-11.65
5.395,4.01,4.88,0.459,1.18,39,81,6,0,40.75,-11.65
5.400,4.01,4.88,0.458,1.182,39,81,6,0,40.75,-11.65
5.405,4.01,4.88,0.456,1.183,39,81,6,0,40.75,-11.65
5.410,4.01,4.88,0.455,1.185,39,81,6,0,40.75,-11.65
5.415,4.01,4.88,0.453,1.186,39,81,6,0,40.75,-11.65
5.420,4,4.88,0.452,1.188,39,81,6,0,40.75,-11.65
5.425,4,4.88,0.45,1.189,39,81,6,0,40.75,-11.65
5.430,4,4.87,0.449,1.19,39,81,6,0,40.75,-11.65
5.435,4,4.88,0.447,1.193,39,81,6,0,40.75,-11.65
5.440,4,4.88,0.446,1.194,39,81,6,0,40.75,-11.65
5.445,4,4.88,0.444,1.196,39,81,6,0,40.75,-11.65
5.450,4.01,4.88,0.443,1.197,39,81,6,0,40.75,-11.65
5.455,4,4.88,0.441,1.198,39,81,6,0,40.75,-11.65
5.460,4,4.88,0.44,1.2,38,81,6,0,40.75,-11.65
5.465,4,4.89,0.438,1.201,38,81,6,0,40.75,-11.65
5.470,4.01,4.9,0.437,1.203,38,81,6,0,40.75,-11.65
5.475,4.01,4.9,0.435,1.204,38,81,6,0,40.75,-11.65
5.480,4.01,4.9,0.434,1.205,37,81,6,0,40.75,-11.65
5.485,4.01,4.9,0.432,1.207,37,81,6,0,40.75,-11.65
5.490,4.01,4.91,0.431,1.209,37,81,6,0,40.75,-11.65
5.495,4.01,4.91,0.429,1.211,37,81,6,0,40.75,-11.65
5.500,4.01,4.91,0.428,1.212,36,81,6,0,40.75,-11.65
5.505,4.02,4.92,0.426,1.213,36,81,6,0,40.75,-11.65
5.510,4.02,4.92,0.425,1.215,36,81,6,0,40.75,-11.65
5.515,4.02,4.92,0.423,1.216,36,81,6,0,40.75,-11.65
5.520,4.02,4.92,0.422,1.218,36,81,6,0,40.75,-11.65
5.525,4.02,4.93,0.42,1.219,35,81,6,0,40.75,-11.65
5.530,4.03,4.93,0.419,1.221,35,81,6,0,40.75,-11.65
5.535,4.03,4.93,0.417,1.222,35,81,6,0,40.75,-11.65
5.540,4.03,4.93,0.416,1.223,35,81,6,0,40.75,-11.65
5.545,4.03,4.92,0.414,1.226,35,81,6,0,40.75,-11.65
5.550,4.03,4.93,0.413,1.227,35,81,6,0,40.75,-11.65
5.555,4.02,4.93,0.411,1.229,35,81,6,0,40.75,-11.65
5.560,4.02,4.93,0.41,1.23,36,81,6,0,40.75,-11.65
5.565,4.02,4.93,0.408,1.231,36,81,6,0,40.75,-11.65
5.570,4.03,4.93,0.407,1.233,36,81,6,0,40.75,-11.65
5.575,4.03,4.93,0.405,1.234,36,81,6,0,40.75,-11.65
5.580,4.03,4.93,0.403,1.236,36,81,6,0,40.75,-11.65
5.585,4.03,4.93,0.402,1.237,36,81,6,0,40.75,-11.65
5.590,4.03,4.94,0.4,1.238,36,81,6,0,40.75,-11.65
5.595,4.03,4.94,0.399,1.24,37,81,6,0,40.75,-11.65
5.600,4.03,4.93,0.397,1.241,37,81,6,0,40.75,-11.65
5.605,4.03,4.93,0.396,1.244,37,81,6,0,40.75,-11.65
5.610,4.03,4.93,0.394,1.245,37,81,6,0,40.75,-11.65
5.615,4.03,4.94,0.392,1.247,38,81,6,0,40.75,-11.65
5.620,4.02,4.94,0.391,1.248,38,81,6,0,40.75,-11.65
5.625,4.02,4.94,0.389,1.249,38,81,6,0,40.75,-11.65
5.630,4.02,4.94,0.388,1.251,38,81,6,0,40.75,-11.65
5.635,4.02,4.94,0.386,1.252,39,81,6,0,40.75,-11.65
5.640,4.03,4.94,0.385,1.254,39,81,6,0,40.75,-11.65
5.645,4.03,4.94,0.383,1.255,39,81,6,0,40.75,-11.65
5.650,4.03,4.94,0.382,1.256,39,81,6,0,40.75,-11.65
5.655,4.03,4.94,0.38,1.259,39,81,6,0,40.75,-11.65
5.660,4.03,4.93,0.379,1.26,39,81,6,0,40.75,-11.65
5.665,4.02,4.93,0.377,1.262,39,81,6,0,40.75,-11.65
5.670,4.02,4.93,0.376,1.263,39,81,6,0,40.75,-11.65
5.675,4.02,4.94,0.374,1.264,39,81,6,0,40.75,-11.65
5.680,4.02,4.94,0.373,1.266,40,81,6,0,40.75,-11.65
5.685,4.02,4.94,0.371,1.267,40,81,6,0,40.75,-11.65
5.690,4.02,4.95,0.37,1.269,40,81,6,0,40.75,-11.65
5.695,4.02,4.95,0.368,1.27,40,81,6,0,40.75,-11.65
5.700,4.02,4.95,0.367,1.271,40,81,6,0,40.75,-11.65
5.705,4.02,4.95,0.365,1.273,40,81,6,0,40.75,-11.65
5.710,4.02,4.96,0.364,1.274,40,81,6,0,40.75,-11.65
5.715,4.03,4.96,0.362,1.277,39,81,6,0,40.75,-11.65
5.720,4.02,4.96,0.361,1.278,39,81,6,0,40.75,-11.65
5.725,4.02,4.96,0.359,1.28,39,81,6,0,40.75,-11.65
5.730,4.03,4.96,0.358,1.281,39,81,6,0,40.75,-11.65
5.735,4.03,4.96,0.356,1.282,39,81,6,0,40.75,-11.65
5.740,4.03,4.96,0.355,1.284,39,81,6,0,40.75,-11.65
5.745,4.03,4.97,0.353,1.285,39,81,6,0,40.75,-11.65
5.750,4.03,4.97,0.352,1.287,39,81,6,0,40.75,-11.65
5.755,4.03,4.97,0.35,1.288,39,81,6,0,40.75,-11.65
5.760,4.03,4.97,0.349,1.289,39,81,6,0,40.75,-11.65
5.765,4.03,4.97,0.347,1.291,39,81,6,0,40.75,-11.65
5.770,4.04,4.97,0.346,1.293,39,81,6,0,40.75,-11.65
5.775,4.03,4.98,0.344,1.295,39,81,6,0,40.75,-11.65
5.780,4.03,4.98,0.342,1.296,39,81,6,0,40.75,-11.65
5.785,4.03,4.98,0.341,1.297,39,81,6,0,40.75,-11.65
5.790,4.03,4.98,0.339,1.299,40,81,6,0,40.75,-11.65
5.795,4.03,4.98,0.338,1.3,40,81,6,0,40.75,-11.65
5.800,4.04,4.98,0.336,1.302,40,81,6,0,40.75,-11.65
5.805,4.03,4.99,0.335,1.303,40,81,6,0,40.75,-11.65
5.810,4.03,4.99,0.333,1.305,41,81,6,0,40.75,-11.65
5.815,4.03,5,0.331,1.306,41,81,6,0,40.75,-11.65
5.820,4.03,4.99,0.33,1.307,41,81,6,0,40.75,-11.65
5.825,4.03,4.99,0.328,1.31,43,81,6,0,40.75,-11.65
5.830,4.03,4.99,0.327,1.311,43,81,6,0,40.75,-11.65
5.835,4.02,5,0.325,1.313,43,81,6,0,40.75,-11.65
5.840,4.02,4.99,0.324,1.314,44,81,6,0,40.75,-11.65
5.845,4.02,4.99,0.322,1.315,44,81,6,0,40.75,-11.65
5.850,4.02,4.99,0.321,1.317,44,81,6,0,40.75,-11.65
5.855,4.02,4.98,0.319,1.318,44,81,6,0,40.75,-11.65
5.860,4.01,4.98,0.318,1.32,44,81,6,0,40.75,-11.65
5.865,4.01,4.99,0.316,1.321,45,81,6,0,40.75,-11.65
5.870,4,4.99,0.315,1.322,45,81,6,0,40.75,-11.65
5.875,4,4.99,0.313,1.324,45,81,6,0,40.75,-11.65
5.880,4,4.98,0.312,1.326,45,81,6,0,40.75,-11.65
5.885,4,4.98,0.31,1.328,46,81,6,0,40.75,-11.65
5.890,4,4.98,0.309,1.329,46,81,6,0,40.75,-11.65
5.895,3.99,4.98,0.307,1.33,46,81,6,0,40.75,-11.65
5.900,3.99,4.98,0.306,1.332,46,81,6,0,40.75,-11.65
5.905,3.99,4.98,0.304,1.333,46,81,6,0,40.75,-11.65
5.910,4,4.98,0.303,1.335,46,81,6,0,40.75,-11.65
5.915,4,4.98,0.301,1.336,46,81,6,0,40.75,-11.65
5.920,4,4.99,0.3,1.337,46,83,2,0,40.75,-11.65
5.925,4.01,4.99,0.299,1.337,46,83,2,0,40.75,-11.65
5.930,4.02,4.97,0.299,1.337,46,83,2,0,40.75,-11.65
5.935,4.03,4.96,0.299,1.337,45,83,2,0,40.75,-11.65
5.940,4.04,4.95,0.299,1.337,45,83,2,0,40.75,-11.65
5.945,4.04,4.93,0.299,1.337,43,83,2,0,40.75,-11.65
5.950,4.05,4.92,0.299,1.337,43,83,2,0,40.75,-11.65
5.955,4.05,4.92,0.299,1.337,40,83,2,0,40.75,-11.65
5.960,4.05,4.91,0.299,1.337,39,83,2,0,40.75,-11.65
5.965,4.06,4.91,0.299,1.337,38,83,2,0,40.75,-11.65
5.970,4.08,4.91,0.299,1.337,37,83,2,0,40.75,-11.65
5.975,4.1,4.92,0.299,1.337,35,96,3,0,40.75,-11.65
5.980,4.14,4.95,0.299,1.337,34,96,3,0,40.75,-11.65
5.985,4.19,5,0.299,1.337,33,96,3,0,40.75,-11.65
5.990,4.34,5.13,0.299,1.337,32,96,3,0,40.75,-11.65
5.995,4.45,5.23,0.299,1.337,30,96,3,0,40.75,-11.65
6.000,4.55,5.35,0.299,1.337,29,96,3,0,40.75,-11.65
6.005,4.66,5.49,0.299,1.337,28,96,3,0,40.75,-11.65
6.010,4.9,5.8,0.299,1.337,27,96,3,0,40.75,-11.65
6.015,5.01,5.95,0.299,1.337,25,96,3,0,40.75,-11.65
6.020,5.13,6.1,0.3,1.337,24,96,3,0,40.75,-11.65
6.025,5.25,6.24,0.3,1.337,23,96,3,0,40.75,-11.65
6.030,5.48,6.54,0.3,1.337,22,96,3,0,40.75,-11.65
6.035,5.59,6.68,0.3,1.337,21,96,3,0,40.75,-11.65
6.040,5.7,6.82,0.3,1.337,21,96,3,0,40.75,-11.65
6.045,5.81,6.97,0.3,1.337,20,96,3,0,40.75,-11.65
6.050,6.02,7.24,0.3,1.337,20,96,3,0,40.75,-11.65
6.055,6.11,7.36,0.3,1.337,20,96,3,0,40.75,-11.65
6.060,6.18,7.46,0.3,1.337,20,96,3,0,40.75,-11.65
6.065,6.25,7.56,0.3,1.337,19,96,3,0,40.75,-11.65
6.070,6.32,7.69,0.3,1.337,19,96,3,0,40.75,-11.65
6.075,6.33,7.72,0.3,1.337,19,96,3,0,40.75,-11.65
6.080,6.33,7.73,0.3,1.337,19,96,3,0,40.75,-11.65
6.085,6.33,7.72,0.3,1.337,19,96,3,0,40.75,-11.65
6.090,6.31,7.7,0.3,1.337,19,96,3,0,40.5,-11.05
6.095,6.29,7.69,0.3,1.337,18,96,3,0,40.5,-11.05
6.100,6.28,7.69,0.3,1.337,18,96,3,0,40.5,-11.05
6.105,6.27,7.67,0.3,1.337,18,96,3,0,40.5,-11.05
6.110,6.25,7.65,0.3,1.337,18,96,3,0,40.5,-11.05
6.115,6.24,7.65,0.3,1.337,18,96,3,0,40.5,-11.05
6.120,6.24,7.64,0.3,1.337,18,96,3,0,40.5,-11.05
6.125,6.23,7.63,0.3,1.337,18,96,3,0,40.5,-11.05
6.130,6.21,7.62,0.3,1.337,17,96,3,0,40.5,-11.05
6.135,6.2,7.61,0.3,1.337,17,96,3,0,40.5,-11.05
6.140,6.19,7.61,0.3,1.337,17,96,3,0,40.5,-11.05
6.145,6.19,7.6,0.3,1.337,17,96,3,0,40.5,-11.05
6.150,6.18,7.58,0.3,1.337,17,96,3,0,40.5,-11.05
6.155,6.17,7.56,0.3,1.337,17,96,3,0,40.5,-11.05
6.160,6.17,7.47,0.3,1.337,17,96,3,0,40.5,-11.05
6.165,6.16,7.29,0.3,1.337,17,96,3,0,40.5,-11.05
6.170,6.15,6.7,0.3,1.337,17,96,3,0,40.5,-11.05
6.175,6.15,6.4,0.3,1.337,17,96,3,0,40.5,-11.05
6.180,6.14,6.17,0.3,1.337,17,96,3,0,40.5,-11.05
6.185,6.14,5.84,0.3,1.337,17,96,3,0,40.5,-11.05
6.190,6.13,5.08,0.3,1.337,17,96,3,0,40.5,-11.05
6.195,6.13,4.68,0.3,1.337,17,96,3,0,40.5,-11.05
6.200,6.12,4.28,0.3,1.337,17,96,3,0,40.5,-11.05
6.205,6.12,3.9,0.3,1.337,17,96,3,0,40.5,-11.05
6.210,6.1,3.11,0.3,1.337,17,96,3,0,40.5,-11.05
6.215,6.1,2.7,0.3,1.337,17,96,3,0,40.5,-11.05
6.220,6.09,2.29,0.3,1.337,17,96,3,0,40.5,-11.05
6.225,6.09,1.91,0.3,1.337,17,96,3,0,40.5,-11.05
6.230,6.08,1.15,0.3,1.337,18,96,3,0,40.5,-11.05
6.235,6.07,0.79,0.3,1.337,18,96,3,0,40.5,-11.05
6.240,6.07,0.5,0.3,1.337,18,96,3,0,40.5,-11.05
6.245,6.06,0.31,0.3,1.337,18,98,3,0,40.5,-11.05
6.250,6.05,0.16,0.3,1.337,18,98,3,0,40.5,-11.05
6.255,6.05,0.1,0.3,1.337,18,98,3,0,40.5,-11.05
6.260,6.04,-0.04,0.3,1.337,18,98,3,0,40.5,-11.05
6.265,6.04,-0.08,0.3,1.337,19,98,3,0,40.5,-11.05
6.270,6.03,-0.03,0.3,1.337,19,99,1,0,40.5,-11.05
6.275,6.03,0,0.3,1.337,19,99,1,0,40.5,-11.05
6.280,6.02,0.03,0.3,1.337,19,102,1,0,40.5,-11.05
6.285,6.02,0.04,0.301,1.337,19,102,1,0,40.5,-11.05
6.290,6.02,0.09,0.305,1.337,19,102,1,0,40.5,-11.05
6.295,6.05,0.12,0.311,1.337,20,102,1,0,40.5,-11.05
6.300,6.1,0.15,0.318,1.337,20,102,1,0,40.5,-11.05
6.305,6.18,0.17,0.322,1.337,21,102,1,0,40.5,-11.05
6.310,6.39,0.19,0.324,1.337,21,102,1,0,40.5,-11.05
6.315,6.5,0.29,0.327,1.337,21,102,1,0,40.5,-11.05
6.320,6.63,0.39,0.331,1.337,21,102,1,0,40.5,-11.05
6.325,6.78,0.46,0.337,1.337,22,102,1,0,40.5,-11.05
6.330,7.16,0.73,0.343,1.337,22,102,1,0,40.5,-11.05
6.335,7.35,0.82,0.346,1.337,22,102,1,0,40.5,-11.05
6.340,7.54,0.83,0.349,1.337,22,102,1,0,40.5,-11.05
6.345,7.72,0.76,0.352,1.337,22,102,1,0,40.5,-11.05
6.350,8.09,0.48,0.356,1.337,22,102,1,0,40.5,-11.05
6.355,8.28,0.36,0.362,1.337,23,102,1,0,40.5,-11.05
6.360,8.47,0.27,0.366,1.337,23,102,1,0,40.5,-11.05
6.365,8.66,0.22,0.369,1.337,23,102,1,0,40.5,-11.05
6.370,9.03,0.26,0.372,1.337,22,104,17,0,40.5,-11.05
6.375,9.18,0.32,0.376,1.337,22,104,17,0,40.5,-11.05
6.380,9.32,0.37,0.381,1.337,23,104,17,0,40.5,-11.05
6.385,9.44,0.42,0.385,1.337,23,104,17,0,40.5,-11.05
6.390,9.67,0.45,0.389,1.337,23,104,17,0,40.5,-11.05
6.395,9.8,0.35,0.393,1.337,23,104,17,0,40.5,-11.05
6.400,9.92,0.23,0.396,1.337,22,104,17,0,40.5,-11.05
6.405,10.02,0.12,0.401,1.337,22,104,17,0,40.5,-11.05
6.410,10.2,-0.21,0.405,1.337,22,104,17,0,40.5,-11.05
6.415,10.31,-0.31,0.409,1.337,23,104,17,0,40.5,-11.05
6.420,10.45,-0.33,0.413,1.337,23,104,17,0,40.5,-11.05
6.425,10.61,-0.27,0.416,1.337,23,104,17,0,40.5,-11.05
6.430,10.96,0.01,0.42,1.337,23,104,17,0,40.5,-11.05
6.435,11.15,0.13,0.424,1.337,23,104,17,0,40.5,-11.05
6.440,11.36,0.22,0.428,1.337,23,104,17,0,40.5,-11.05
6.445,11.59,0.27,0.432,1.337,24,104,17,0,40.5,-11.05
6.450,12.12,0.21,0.436,1.337,24,104,17,0,40.5,-11.05
6.455,12.4,0.15,0.44,1.337,25,104,17,0,40.5,-11.05
6.460,12.68,0.09,0.444,1.337,26,104,17,0,40.5,-11.05
6.465,12.96,0.04,0.448,1.337,26,104,17,0,40.5,-11.05
6.470,13.23,0.01,0.452,1.337,28,104,17,0,40.5,-11.05
6.475,13.62,0.07,0.457,1.337,29,104,17,0,40.5,-11.05
6.480,13.74,0.19,0.461,1.337,30,104,17,0,40.5,-11.05
6.485,13.83,0.39,0.465,1.337,31,104,17,0,40.5,-11.05
6.490,13.86,0.63,0.469,1.337,32,104,17,0,40.5,-11.05
6.495,13.67,1.06,0.474,1.337,33,104,17,0,40.5,-11.05
6.500,13.48,1.21,0.478,1.337,34,104,17,0,40.5,-11.05
6.505,13.23,1.29,0.482,1.337,35,104,17,0,40.5,-11.05
6.510,12.93,1.32,0.486,1.337,35,104,17,0,40.5,-11.05
6.515,12.19,1.31,0.49,1.337,36,104,17,0,40.5,-11.05
6.520,11.74,1.28,0.494,1.337,36,113,17,0,40.5,-11.05
6.525,11.24,1.28,0.498,1.335,36,113,17,0,40.5,-11.05
6.530,10.68,1.29,0.501,1.333,35,113,17,0,40.5,-11.05
6.535,9.44,1.32,0.502,1.33,35,113,17,0,40.5,-11.05
6.540,8.78,1.32,0.503,1.328,35,113,17,0,40.5,-11.05
6.545,8.1,1.34,0.505,1.326,34,113,17,0,40.5,-11.05
6.550,7.42,1.36,0.508,1.322,33,113,17,0,40.5,-11.05
6.555,6.11,1.38,0.512,1.32,33,113,17,0,40.5,-11.05
6.560,5.5,1.32,0.514,1.318,31,113,17,0,40.5,-11.05
6.565,4.93,1.15,0.516,1.315,30,113,17,0,40.5,-11.05
6.570,4.38,0.94,0.518,1.313,29,113,17,0,40.5,-11.05
6.575,3.46,0.53,0.52,1.311,28,113,17,0,40.5,-11.05
6.580,3.04,0.37,0.524,1.307,26,113,17,0,40.5,-11.05
6.585,2.67,0.27,0.526,1.305,25,113,17,0,40.5,-11.05
6.590,2.33,0.22,0.529,1.303,23,113,17,0,40.5,-11.05
6.595,1.76,0.2,0.531,1.3,22,113,17,0,40.65,-11.31
6.600,1.52,0.2,0.533,1.298,21,113,17,0,40.65,-11.31
6.605,1.3,0.2,0.536,1.295,19,113,17,0,40.65,-11.31
6.610,1.13,0.17,0.539,1.293,18,113,17,0,40.65,-11.31
6.615,0.88,0.13,0.541,1.29,18,113,17,0,40.65,-11.31
6.620,0.78,0.12,0.544,1.287,17,113,17,0,40.65,-11.31
6.625,0.68,0.12,0.546,1.285,16,113,17,0,40.65,-11.31
6.630,0.6,0.1,0.548,1.283,16,113,17,0,40.65,-11.31
6.635,0.49,0.01,0.551,1.28,16,113,17,0,40.65,-11.31
6.640,0.46,-0.01,0.554,1.278,16,113,17,0,40.65,-11.31
6.645,0.42,-0.02,0.556,1.276,16,113,17,0,40.65,-11.31
6.650,0.38,-0.02,0.559,1.272,16,113,17,0,40.65,-11.31
6.655,0.35,0,0.561,1.27,14,113,17,0,40.65,-11.31
6.660,0.35,0.01,0.563,1.268,14,113,17,0,40.65,-11.31
6.665,0.36,0.01,0.566,1.265,14,113,17,0,40.65,-11.31
6.670,0.36,0.02,0.568,1.263,14,113,17,0,40.65,-11.31
6.675,0.38,0.04,0.571,1.261,14,113,17,0,40.65,-11.31
6.680,0.39,0.05,0.573,1.257,14,113,17,0,40.65,-11.31
6.685,0.4,0.06,0.576,1.255,14,113,17,0,40.65,-11.31
6.690,0.41,0.07,0.578,1.253,14,113,17,0,40.65,-11.31
6.695,0.42,0.09,0.581,1.25,14,113,17,0,40.65,-11.31
6.700,0.41,0.09,0.583,1.248,14,113,17,0,40.65,-11.31
6.705,0.41,0.08,0.586,1.245,14,113,17,0,40.65,-11.31
6.710,0.4,0.07,0.588,1.243,14,113,17,0,40.65,-11.31
6.715,0.36,0.05,0.591,1.24,14,113,17,0,40.65,-11.31
6.720,0.33,0.02,0.593,1.237,14,113,17,0,40.65,-11.31
6.725,0.31,0.01,0.596,1.235,14,113,17,0,40.65,-11.31
6.730,0.29,-0.01,0.598,1.233,14,113,17,0,40.65,-11.31
6.735,0.24,-0.04,0.601,1.23,14,113,17,0,40.65,-11.31
6.740,0.21,-0.06,0.603,1.228,16,113,17,0,40.65,-11.31
6.745,0.19,-0.07,0.606,1.226,16,113,17,0,40.65,-11.31
6.750,0.16,-0.09,0.608,1.222,16,113,17,0,40.65,-11.31
6.755,0.13,-0.11,0.611,1.22,16,113,17,0,40.65,-11.31
6.760,0.11,-0.12,0.614,1.218,16,113,17,0,40.65,-11.31
6.765,0.09,-0.12,0.616,1.215,16,113,17,0,40.65,-11.31
6.770,0.07,-0.13,0.619,1.213,16,113,17,0,40.65,-11.31
6.775,0.05,-0.15,0.621,1.211,16,113,17,0,40.65,-11.31
6.780,0.04,-0.15,0.624,1.207,16,113,17,0,40.65,-11.31
6.785,0.04,-0.16,0.626,1.205,16,113,17,0,40.65,-11.31
6.790,0.03,-0.16,0.629,1.203,16,113,17,0,40.65,-11.31
6.795,0.04,-0.15,0.631,1.2,16,113,17,0,40.65,-11.31
6.800,0.04,-0.14,0.633,1.198,16,113,17,0,40.65,-11.31
6.805,0.04,-0.13,0.636,1.195,16,113,17,0,40.65,-11.31
6.810,0.05,-0.13,0.638,1.193,16,113,17,0,40.65,-11.31
6.815,0.07,-0.12,0.641,1.19,16,113,17,0,40.65,-11.31
6.820,0.09,-0.11,0.643,1.187,16,113,17,0,40.65,-11.31
6.825,0.1,-0.1,0.646,1.185,16,113,17,0,40.65,-11.31
6.830,0.11,-0.08,0.648,1.183,16,113,17,0,40.65,-11.31
6.835,0.15,-0.05,0.651,1.18,17,113,17,0,40.65,-11.31
6.840,0.17,-0.03,0.653,1.178,17,113,17,0,40.65,-11.31
6.845,0.2,-0.02,0.656,1.176,17,113,17,0,40.65,-11.31
6.850,0.22,-0.01,0.658,1.172,17,113,17,0,40.65,-11.31
6.855,0.26,0.02,0.661,1.17,17,113,17,0,40.65,-11.31
6.860,0.28,0.03,0.663,1.168,17,113,17,0,40.65,-11.31
6.865,0.3,0.05,0.666,1.165,17,113,17,0,40.65,-11.31
6.870,0.32,0.07,0.668,1.163,17,113,17,0,40.65,-11.31
6.875,0.36,0.08,0.671,1.161,17,113,17,0,40.65,-11.31
6.880,0.38,0.08,0.673,1.157,18,113,17,0,40.65,-11.31
6.885,0.39,0.09,0.676,1.155,18,113,17,0,40.65,-11.31
6.890,0.4,0.1,0.678,1.153,18,113,17,0,40.65,-11.31
6.895,0.42,0.11,0.681,1.15,18,113,17,0,40.65,-11.31
6.900,0.42,0.11,0.683,1.148,18,113,17,0,40.65,-11.31
6.905,0.43,0.11,0.686,1.145,19,113,17,0,40.65,-11.31
6.910,0.43,0.11,0.689,1.143,19,113,17,0,40.65,-11.31
6.915,0.43,0.1,0.691,1.14,19,113,17,0,40.65,-11.31
6.920,0.42,0.1,0.693,1.137,19,113,17,0,40.65,-11.31
6.925,0.42,0.09,0.696,1.135,19,113,17,0,40.65,-11.31
6.930,0.41,0.09,0.698,1.133,19,113,17,0,40.65,-11.31
6.935,0.4,0.09,0.701,1.13,19,114,17,0,40.65,-11.31
6.940,0.4,0.08,0.703,1.128,19,114,17,0,40.65,-11.31
6.945,0.39,0.07,0.702,1.126,19,114,17,0,40.65,-11.31
6.950,0.37,0.06,0.701,1.122,19,114,17,0,40.65,-11.31
6.955,0.3,0.01,0.7,1.12,19,114,17,0,40.65,-11.31
6.960,0.26,-0.02,0.7,1.118,19,114,17,0,40.65,-11.31
6.965,0.22,-0.04,0.701,1.115,19,114,17,0,40.65,-11.31
6.970,0.18,-0.07,0.701,1.113,19,114,17,0,40.65,-11.31
6.975,0.1,-0.11,0.701,1.111,19,114,17,0,40.65,-11.31
6.980,0.06,-0.14,0.7,1.107,18,114,17,0,40.65,-11.31
6.985,0.02,-0.17,0.7,1.105,18,114,17,0,40.65,-11.31
6.990,-0.01,-0.19,0.7,1.103,18,114,17,0,40.65,-11.31
6.995,-0.07,-0.22,0.7,1.1,19,114,17,0,40.65,-11.31
7.000,-0.1,-0.22,0.7,1.098,19,114,17,0,40.65,-11.31
7.005,-0.12,-0.23,0.7,1.095,19,114,17,0,40.65,-11.31
7.010,-0.14,-0.25,0.7,1.093,19,114,17,0,40.65,-11.31
7.015,-0.18,-0.27,0.7,1.09,19,114,17,0,40.65,-11.31
7.020,-0.2,-0.28,0.7,1.087,19,114,17,0,40.65,-11.31
7.025,-0.21,-0.29,0.7,1.085,19,114,17,0,40.65,-11.31
7.030,-0.22,-0.3,0.7,1.083,19,114,17,0,40.65,-11.31
7.035,-0.21,-0.27,0.7,1.08,19,114,17,0,40.65,-11.31
7.040,-0.19,-0.25,0.7,1.078,19,114,17,0,40.65,-11.31
7.045,-0.17,-0.23,0.7,1.076,19,114,17,0,40.65,-11.31
7.050,-0.15,-0.22,0.7,1.072,19,114,17,0,40.65,-11.31
7.055,-0.12,-0.21,0.7,1.07,19,114,17,0,40.65,-11.31
7.060,-0.1,-0.2,0.7,1.068,20,115,1,0,40.65,-11.31
7.065,-0.09,-0.18,0.7,1.065,20,115,1,0,40.65,-11.31
7.070,-0.07,-0.17,0.7,1.063,20,115,1,0,40.65,-11.31
7.075,-0.06,-0.17,0.7,1.061,20,115,1,0,40.65,-11.31
7.080,-0.06,-0.18,0.7,1.057,20,115,1,0,40.65,-11.31
7.085,-0.06,-0.18,0.7,1.055,19,115,1,0,40.65,-11.31
7.090,-0.06,-0.19,0.7,1.053,19,115,1,0,40.65,-11.31
7.095,-0.07,-0.19,0.7,1.05,19,115,1,0,40.65,-11.31
7.100,-0.07,-0.2,0.7,1.048,19,115,1,0,40.65,-11.31
7.105,-0.08,-0.19,0.7,1.045,19,115,1,0,40.11,-11.59
7.110,-0.06,-0.13,0.7,1.043,19,115,1,0,40.11,-11.59
7.115,0.17,0.04,0.7,1.04,19,115,1,0,40.11,-11.59
7.120,0.3,0.09,0.7,1.037,19,115,1,0,40.11,-11.59
7.125,0.43,0.08,0.7,1.035,19,115,1,0,40.11,-11.59
7.130,0.55,0.04,0.7,1.033,18,115,1,0,40.11,-11.59
7.135,0.88,0,0.7,1.03,18,128,1,0,40.11,-11.59
7.140,1.06,0,0.701,1.028,18,128,1,0,40.11,-11.59
7.145,1.23,0,0.703,1.026,18,128,1,0,40.11,-11.59
7.150,1.41,0.01,0.705,1.022,18,128,1,0,40.11,-11.59
7.155,1.76,0.02,0.705,1.02,18,128,1,0,40.11,-11.59
7.160,1.93,0.03,0.704,1.018,18,128,1,0,40.11,-11.59
7.165,2.11,0.04,0.704,1.015,18,128,1,0,40.11,-11.59
7.170,2.3,0.05,0.705,1.013,18,128,1,0,40.11,-11.59
7.175,2.69,0.07,0.705,1.011,18,128,1,0,40.11,-11.59
7.180,2.87,0.07,0.704,1.007,18,128,1,0,40.11,-11.59
7.185,3.05,0.07,0.704,1.005,18,128,1,0,40.11,-11.59
7.190,3.2,0.02,0.703,1.003,18,128,1,0,40.11,-11.59
7.195,3.32,-0.15,0.702,1.002,18,128,1,0,40.11,-11.59
7.200,3.35,-0.19,0.7,1.001,18,128,1,0,40.11,-11.59
7.205,3.38,-0.17,0.698,1,18,128,1,0,40.11,-11.59
7.210,3.4,-0.12,0.697,0.999,18,128,1,0,40.11,-11.59
7.215,3.33,-0.06,0.695,0.997,17,128,1,0,40.11,-11.59
7.220,3.27,-0.06,0.694,0.995,17,128,1,0,40.11,-11.59
7.225,3.21,-0.06,0.694,0.993,17,128,1,0,40.11,-11.59
7.230,3.15,-0.05,0.692,0.989,17,128,1,0,40.11,-11.59
7.235,3.02,-0.05,0.69,0.985,18,128,1,0,40.11,-11.59
7.240,2.92,-0.05,0.689,0.982,18,128,1,0,40.11,-11.59
7.245,2.83,-0.05,0.688,0.977,17,128,1,0,40.11,-11.59
7.250,2.71,-0.05,0.687,0.972,17,128,1,0,40.11,-11.59
7.255,2.48,-0.08,0.687,0.967,17,128,1,0,40.11,-11.59
7.260,2.37,-0.12,0.686,0.962,17,128,1,0,40.11,-11.59
7.265,2.26,-0.17,0.685,0.956,17,128,1,0,40.11,-11.59
7.270,2.15,-0.22,0.685,0.95,17,128,1,0,40.11,-11.59
7.275,1.92,-0.34,0.685,0.944,17,128,1,0,40.11,-11.59
7.280,1.81,-0.39,0.685,0.937,17,128,1,0,40.11,-11.59
7.285,1.71,-0.44,0.685,0.93,17,128,1,0,40.11,-11.59
7.290,1.63,-0.49,0.685,0.923,17,128,1,0,40.11,-11.59
7.295,1.49,-0.55,0.686,0.916,18,128,1,0,40.11,-11.59
7.300,1.43,-0.6,0.686,0.909,17,128,1,0,40.11,-11.59
7.305,1.39,-0.62,0.687,0.9,17,128,1,0,40.11,-11.59
7.310,1.35,-0.67,0.688,0.893,17,128,1,0,40.11,-11.59
7.315,1.29,-0.76,0.688,0.884,17,128,1,0,40.11,-11.59
7.320,1.28,-0.82,0.689,0.876,17,128,1,0,40.11,-11.59
7.325,1.29,-0.87,0.689,0.866,17,128,1,0,40.11,-11.59
7.330,1.29,-0.92,0.69,0.857,17,128,1,0,40.11,-11.59
7.335,1.32,-0.99,0.691,0.848,17,128,1,0,40.11,-11.59
7.340,1.35,-1.01,0.692,0.838,17,128,1,0,40.11,-11.59
7.345,1.4,-1.02,0.692,0.829,17,128,1,0,40.11,-11.59
7.350,1.44,-1.02,0.692,0.818,17,128,1,0,40.11,-11.59
7.355,1.54,-1.03,0.693,0.807,17,128,1,0,40.11,-11.59
7.360,1.59,-1.04,0.694,0.797,17,128,1,0,40.11,-11.59
7.365,1.64,-1.07,0.694,0.785,17,128,1,0,40.11,-11.59
7.370,1.7,-1.08,0.695,0.773,17,128,1,0,40.11,-11.59
7.375,1.83,-1.16,0.695,0.762,17,128,1,0,40.11,-11.59
7.380,1.89,-1.19,0.695,0.75,16,128,1,0,40.11,-11.59
7.385,1.94,-1.23,0.695,0.737,16,128,1,0,40.11,-11.59
7.390,1.99,-1.26,0.695,0.724,16,128,1,0,40.11,-11.59
7.395,2.09,-1.32,0.696,0.712,16,128,1,0,40.11,-11.59
7.400,2.14,-1.35,0.696,0.698,16,128,1,0,40.11,-11.59
7.405,2.2,-1.37,0.695,0.685,16,128,1,0,40.11,-11.59
7.410,2.23,-1.4,0.695,0.671,16,128,1,0,40.11,-11.59
7.415,2.28,-1.45,0.695,0.657,16,128,1,0,40.11,-11.59
7.420,2.3,-1.49,0.695,0.643,16,128,1,0,40.11,-11.59
7.425,2.33,-1.53,0.694,0.628,16,128,1,0,40.11,-11.59
7.430,2.35,-1.55,0.694,0.614,16,128,1,0,40.11,-11.59
7.435,2.37,-1.61,0.694,0.599,16,128,1,0,40.11,-11.59
7.440,2.37,-1.62,0.694,0.583,16,128,1,0,40.11,-11.59
7.445,2.37,-1.64,0.693,0.568,16,128,1,0,40.11,-11.59
7.450,2.36,-1.68,0.692,0.553,16,128,1,0,40.11,-11.59
7.455,2.33,-1.67,0.692,0.538,16,128,1,0,40.11,-11.59
7.460,2.31,-1.7,0.692,0.523,16,128,1,0,40.11,-11.59
7.465,2.29,-1.69,0.692,0.509,16,128,1,0,40.11,-11.59
7.470,2.27,-1.67,0.692,0.494,16,128,1,0,40.11,-11.59
7.475,2.22,-1.73,0.691,0.479,16,128,1,0,40.11,-11.59
7.480,2.19,-1.7,0.69,0.464,16,128,1,0,40.11,-11.59
7.485,2.15,-1.73,0.69,0.449,16,128,1,0,40.11,-11.59
7.490,2.11,-1.74,0.69,0.433,16,128,1,0,40.11,-11.59
7.495,2.06,-1.69,0.69,0.418,17,128,1,0,40.11,-11.59
7.500,2.03,-1.68,0.69,0.403,17,128,1,0,40.11,-11.59
7.505,1.99,-1.65,0.69,0.388,17,128,1,0,40.11,-11.59
7.510,1.96,-1.64,0.69,0.373,17,128,1,0,40.11,-11.59
7.515,1.9,-1.64,0.69,0.359,17,128,1,0,40.11,-11.59
7.520,1.88,-1.65,0.69,0.344,17,128,1,0,40.11,-11.59
7.525,1.86,-1.65,0.69,0.329,17,128,1,0,40.11,-11.59
7.530,1.84,-1.65,0.69,0.314,17,128,1,0,40.11,-11.59
7.535,1.81,-1.68,0.69,0.299,17,128,1,0,40.11,-11.59
7.540,1.8,-1.68,0.69,0.283,17,128,1,0,40.11,-11.59
7.545,1.79,-1.71,0.691,0.268,17,128,1,0,40.11,-11.59
7.550,1.78,-1.72,0.691,0.253,17,128,1,0,40.11,-11.59
7.555,1.78,-1.7,0.691,0.238,17,128,1,0,40.11,-11.59
7.560,1.78,-1.7,0.691,0.223,17,128,1,0,40.11,-11.59
7.565,1.78,-1.67,0.691,0.209,17,128,1,0,40.11,-11.59
7.570,1.79,-1.67,0.691,0.194,17,128,1,0,40.11,-11.59
7.575,1.81,-1.68,0.692,0.179,18,128,1,0,40.11,-11.59
7.580,1.83,-1.69,0.692,0.164,18,128,1,0,40.11,-11.59
7.585,1.84,-1.7,0.692,0.149,18,128,1,0,40.11,-11.59
7.590,1.85,-1.71,0.692,0.133,18,128,1,0,40.11,-11.59
7.595,1.88,-1.69,0.693,0.118,18,128,1,0,40.11,-11.59
7.600,1.9,-1.68,0.693,0.103,18,128,1,0,40.11,-11.59
7.605,1.92,-1.66,0.693,0.088,18,128,1,0,40.11,-11.59
7.610,1.95,-1.64,0.693,0.073,18,128,1,0,40.11,-11.59
7.615,1.98,-1.62,0.693,0.059,18,128,1,0,40.11,-11.59
7.620,2,-1.58,0.693,0.044,18,128,1,0,40.11,-11.59
7.625,2.02,-1.58,0.693,0.029,18,128,1,0,40.11,-11.59
7.630,2.04,-1.58,0.693,0.014,18,128,1,0,40.11,-11.59
7.635,2.05,-1.54,0.693,0,18,128,1,0,40.11,-11.59
7.640,2.07,-1.54,0.693,-0.016,18,128,1,0,40.11,-11.59
7.645,2.08,-1.54,0.693,-0.031,18,128,1,0,40.11,-11.59
7.650,2.1,-1.53,0.693,-0.046,18,128,1,0,40.11,-11.59
7.655,2.12,-1.53,0.693,0,19,128,1,0,40.11,-11.59
7.660,2.12,-1.53,0.693,0,19,128,1,0,40.11,-11.59
7.665,2.13,-1.41,0.692,0,19,128,1,0,40.11,-11.59
7.670,2.13,-1.24,0.692,0,18,128,0,0,40.11,-11.59
7.675,2.13,-0.77,0.692,0,18,128,0,0,40.11,-11.59
7.680,2.12,-0.54,0.692,0,18,128,0,0,40.11,-11.59
7.685,2.11,-0.35,0.692,0,18,129,0,0,40.11,-11.59
7.690,2.1,-0.21,0.692,0,18,129,0,0,40.11,-11.59
7.695,2.09,-0.06,0.692,0,18,129,0,0,40.11,-11.59
7.700,2.09,-0.03,0.692,0,19,129,0,0,40.11,-11.59
7.705,2.08,0.05,0.692,0,19,129,0,0,40.11,-11.59
7.710,2.07,0.17,0.692,0,19,129,0,0,40.11,-11.59
7.715,2.06,0.51,0.692,0,19,129,0,0,40.11,-11.59
7.720,2.06,0.73,0.692,0,19,129,0,0,40.11,-11.59
7.725,2.05,0.97,0.692,0,19,129,0,0,40.11,-11.59
7.730,2.05,1.26,0.692,0,19,129,0,0,40.11,-11.59
7.735,2.04,1.8,0.692,0,19,129,0,0,40.11,-11.59
7.740,2.03,2.09,0.692,0,19,129,0,0,40.11,-11.59
7.745,2.03,2.26,0.692,0,19,129,0,0,40.11,-11.59
7.750,2.03,2.36,0.692,0,19,129,0,0,40.21,-11.63
7.755,2.03,2.45,0.692,0,19,129,0,0,40.21,-11.63
7.760,2.03,2.49,0.692,0,19,129,0,0,40.21,-11.63
7.765,2.02,2.56,0.692,0,19,0,0,0,40.21,-11.63
7.770,2.02,2.69,0.692,0,19,0,0,0,40.21,-11.63
7.775,2.03,3.06,0.692,0,19,0,0,0,40.21,-11.63
7.780,2.03,3.28,0.692,0,18,0,0,0,40.21,-11.63
7.785,2.03,3.48,0.692,0,18,0,0,0,40.21,-11.63
7.790,2.03,3.61,0.692,0,18,0,0,0,40.21,-11.63
7.795,2.03,3.78,0.692,0,18,0,0,0,40.21,-11.63
7.800,2.03,3.81,0.692,0,18,0,0,0,40.21,-11.63
7.805,2.03,3.81,0.692,0,18,0,0,0,40.21,-11.63
7.810,2.03,3.78,0.692,0,18,0,0,0,40.21,-11.63
7.815,2.03,3.73,0.692,0,17,0,0,0,40.21,-11.63
7.820,2.03,3.7,0.692,0,17,0,0,0,40.21,-11.63
7.825,2.03,3.67,0.692,0,17,0,0,0,40.21,-11.63
7.830,2.03,3.64,0.692,0,17,0,0,0,40.21,-11.63
7.835,2.03,3.59,0.692,0,17,0,0,0,40.21,-11.63
7.840,2.03,3.57,0.692,0,17,0,0,0,40.21,-11.63
7.845,2.04,3.55,0.692,0,17,0,0,0,40.21,-11.63
7.850,2.03,3.53,0.692,0,18,0,0,0,40.21,-11.63
7.855,2.03,3.49,0.692,0,18,0,0,0,40.21,-11.63
7.860,2.03,3.48,0.692,0,18,0,0,0,40.21,-11.63
7.865,2.03,3.46,0.692,0,18,0,0,0,40.21,-11.63
7.870,2.03,3.45,0.692,0,18,0,0,0,40.21,-11.63
7.875,2.03,3.42,0.692,0,18,0,0,0,40.21,-11.63
7.880,2.03,3.41,0.692,0,18,0,0,0,40.21,-11.63
7.885,2.04,3.4,0.692,0,18,0,0,0,40.21,-11.63
7.890,2.04,3.38,0.692,0,18,0,0,0,40.21,-11.63
7.895,2.03,3.36,0.692,0,18,0,0,0,40.21,-11.63
7.900,2.03,3.35,0.692,0,19,0,0,0,40.21,-11.63
7.905,2.04,3.34,0.692,0,19,0,0,0,40.21,-11.63
7.910,2.04,3.33,0.692,0,19,0,0,0,40.21,-11.63
7.915,2.04,3.32,0.692,0,19,0,0,0,40.21,-11.63
7.920,2.03,3.3,0.692,0,19,0,0,0,40.21,-11.63
7.925,2.03,3.3,0.692,0,19,0,0,0,40.21,-11.63
7.930,2.03,3.29,0.692,0,19,0,0,0,40.21,-11.63
7.935,2.03,3.27,0.692,0,19,0,0,0,40.21,-11.63
7.940,2.03,3.26,0.692,0,19,0,0,0,40.21,-11.63
7.945,2.03,3.26,0.692,0,19,0,0,0,40.21,-11.63
7.950,2.04,3.25,0.692,0,19,0,0,0,40.21,-11.63
7.955,2.03,3.24,0.692,0,19,0,0,0,40.21,-11.63
7.960,2.03,3.23,0.692,0,20,0,0,0,40.21,-11.63
7.965,2.03,3.23,0.692,0,19,0,0,0,40.21,-11.63
7.970,2.03,3.22,0.692,0,19,0,0,0,40.21,-11.63
7.975,2.03,3.21,0.692,0,19,0,0,0,40.21,-11.63
7.980,2.03,3.2,0.692,0,19,0,0,0,40.21,-11.63
7.985,2.03,3.2,0.692,0,19,0,0,0,40.21,-11.63
7.990,2.03,3.19,0.692,0,20,0,0,0,40.21,-11.63
7.995,2.03,3.18,0.692,0,20,0,0,0,40.21,-11.63
8.000,2.03,3.18,0.692,0,20,0,0,0,40.21,-11.63
8.005,2.03,3.18,0.692,0,20,0,0,0,40.21,-11.63
8.010,2.03,3.17,0.692,0,20,0,0,0,40.21,-11.63
8.015,2.03,3.16,0.692,0,20,0,0,0,40.21,-11.63
8.020,2.03,3.16,0.692,0,20,0,0,0,40.21,-11.63
8.025,2.03,3.15,0.692,0,20,0,0,0,40.21,-11.63
8.030,2.03,3.14,0.692,0,20,0,0,0,40.21,-11.63
8.035,2.03,3.14,0.692,0,19,0,0,0,40.21,-11.63
8.040,2.02,3.14,0.692,0,19,0,0,0,40.21,-11.63
8.045,2.02,3.14,0.692,0,19,0,0,0,40.21,-11.63
8.050,2.02,3.13,0.692,0,19,0,0,0,40.21,-11.63
8.055,2.02,3.13,0.692,0,19,0,0,0,40.21,-11.63
8.060,2.02,3.12,0.692,0,19,0,0,0,40.21,-11.63
8.065,2.02,3.12,0.692,0,19,0,0,0,40.21,-11.63
8.070,2.01,3.12,0.692,0,19,0,0,0,40.21,-11.63
8.075,2.01,3.11,0.692,0,19,0,0,0,40.21,-11.63
8.080,2.01,3.11,0.692,0,19,0,0,0,40.21,-11.63
8.085,2.01,3.1,0.692,0,19,0,0,0,40.21,-11.63
8.090,2.01,3.1,0.692,0,19,0,0,0,40.21,-11.63
8.095,2.01,3.1,0.692,0,19,0,0,0,40.21,-11.63
8.100,2.01,3.09,0.692,0,19,0,0,0,40.21,-11.63
8.105,2.01,3.09,0.692,0,19,0,0,0,40.21,-11.63
8.110,2.01,3.09,0.692,0,19,0,0,0,40.21,-11.63
8.115,2.01,3.08,0.692,0,19,0,0,0,40.21,-11.63
8.120,2.01,3.07,0.692,0,19,0,0,0,40.21,-11.63
8.125,2.01,3.07,0.692,0,19,0,0,0,40.21,-11.63
8.130,2.01,3.07,0.692,0,19,0,0,0,40.21,-11.63
8.135,2.01,3.06,0.691,0,19,0,0,0,40.21,-11.63
8.140,2.01,3.06,0.691,0,18,0,0,0,40.21,-11.63
8.145,2.01,3.05,0.691,0,18,0,0,0,40.21,-11.63
8.150,2.01,3.05,0.691,0,18,0,0,0,40.21,-11.63
8.155,2.01,3.05,0.691,0,18,0,0,0,40.21,-11.63
8.160,2.01,3.05,0.691,0,18,0,0,0,40.21,-11.63
8.165,2.01,3.05,0.691,0,18,0,0,0,40.21,-11.63
8.170,2.01,3.04,0.691,0,18,0,0,0,40.21,-11.63
8.175,2.01,3.04,0.691,0,18,0,0,0,40.21,-11.63
8.180,2,3.04,0.691,0,18,0,0,0,40.21,-11.63
8.185,2,3.04,0.691,0,18,0,0,0,40.21,-11.63
8.190,2,3.03,0.691,0,18,0,0,0,40.21,-11.63
8.195,2,3.03,0.691,0,18,0,0,0,40.21,-11.63
8.200,2,3.03,0.691,0,17,0,0,0,40.21,-11.63
8.205,2,3.03,0.691,0,17,0,0,0,40.21,-11.63
8.210,2,3.03,0.691,0,17,0,0,0,40.21,-11.63
8.215,2,3.02,0.691,0,17,0,0,0,40.21,-11.63
8.220,2,3.02,0.691,0,18,0,0,0,40.21,-11.63
8.225,2,3.02,0.691,0,18,0,0,0,40.21,-11.63
8.230,2,3.02,0.691,0,18,0,0,0,40.21,-11.63
8.235,2,3.01,0.691,0,18,0,0,0,40.21,-11.63
8.240,2,3.01,0.691,0,18,0,0,0,40.21,-11.63
8.245,2,3.01,0.691,0,18,0,0,0,40.21,-11.63
8.250,2,3.01,0.691,0,18,0,0,0,40.21,-11.63
8.255,2,3,0.691,0,18,0,0,0,40.21,-11.63
8.260,2,3,0.691,0,18,0,0,0,40.21,-11.63
8.265,2,3,0.691,0,18,0,0,0,40.6,-11.65
8.270,2,3,0.691,0,18,0,0,0,40.6,-11.65
8.275,2,3,0.691,0,18,0,0,0,40.6,-11.65
8.280,2,3,0.691,0,18,0,0,0,40.6,-11.65
8.285,1.99,3,0.691,0,18,0,0,0,40.6,-11.65
8.290,2,3,0.691,0,18,0,0,0,40.6,-11.65
8.295,1.99,3,0.691,0,18,0,0,0,40.6,-11.65
8.300,1.99,3,0.691,0,18,0,0,0,40.6,-11.65
8.305,1.99,2.99,0.691,0,18,0,0,0,40.6,-11.65
8.310,1.99,2.99,0.691,0,18,0,0,0,40.6,-11.65
8.315,1.99,2.99,0.691,0,18,0,0,0,40.6,-11.65
8.320,1.99,2.99,0.691,0,18,0,0,0,40.6,-11.65
8.325,1.99,2.99,0.691,0,18,0,0,0,40.6,-11.65
8.330,1.99,3,0.691,0,18,0,0,0,40.6,-11.65
8.335,1.99,2.99,0.691,0,18,0,0,0,40.6,-11.65
8.340,1.99,2.99,0.691,0,18,0,0,0,40.6,-11.65
8.345,1.99,2.99,0.691,0,17,0,0,0,40.6,-11.65
8.350,1.99,2.99,0.691,0,17,0,0,0,40.6,-11.65
8.355,1.99,2.99,0.691,0,17,0,0,0,40.6,-11.65
8.360,1.99,2.99,0.691,0,17,0,0,0,40.6,-11.65
8.365,1.99,2.99,0.691,0,17,0,0,0,40.6,-11.65
8.370,1.99,2.99,0.691,0,17,0,0,0,40.6,-11.65
8.375,1.99,2.99,0.691,0,17,0,0,0,40.6,-11.65
8.380,1.99,2.99,0.691,0,17,0,0,0,40.6,-11.65
8.385,1.99,2.99,0.691,0,17,0,0,0,40.6,-11.65
8.390,2,2.99,0.691,0,17,0,0,0,40.6,-11.65
8.395,1.99,2.99,0.691,0,17,0,0,0,40.6,-11.65
8.400,1.99,2.99,0.691,0,16,0,0,0,40.6,-11.65
8.405,1.99,2.98,0.691,0,16,0,0,0,40.6,-11.65
8.410,1.99,2.98,0.691,0,16,0,0,0,40.6,-11.65
8.415,1.99,2.98,0.691,0,16,0,0,0,40.6,-11.65
8.420,1.99,2.98,0.691,0,16,0,0,0,40.6,-11.65
8.425,1.99,2.98,0.691,0,16,0,0,0,40.6,-11.65
8.430,1.99,2.98,0.691,0,16,0,0,0,40.6,-11.65
8.435,1.99,2.97,0.691,0,16,0,0,0,40.6,-11.65
8.440,1.99,2.97,0.691,0,16,0,0,0,40.6,-11.65
8.445,1.99,2.97,0.691,0,17,0,0,0,40.6,-11.65
8.450,1.99,2.97,0.691,0,17,0,0,0,40.6,-11.65
8.455,1.99,2.97,0.691,0,17,0,0,0,40.6,-11.65
8.460,1.98,2.97,0.691,0,17,0,0,0,40.6,-11.65
8.465,1.98,2.97,0.691,0,17,0,0,0,40.6,-11.65
8.470,1.98,2.97,0.691,0,17,0,0,0,40.6,-11.65
8.475,1.98,2.97,0.691,0,17,0,0,0,40.6,-11.65
8.480,1.98,2.97,0.691,0,17,0,0,0,40.6,-11.65
8.485,1.98,2.97,0.691,0,17,0,0,0,40.6,-11.65
8.490,1.98,2.97,0.691,0,17,0,0,0,40.6,-11.65
8.495,1.99,2.96,0.691,0,17,0,0,0,40.6,-11.65
8.500,1.99,2.96,0.691,0,17,0,0,0,40.6,-11.65
8.505,1.99,2.96,0.691,0,17,0,0,0,40.6,-11.65
8.510,1.99,2.96,0.691,0,16,0,0,0,40.6,-11.65
8.515,1.99,2.96,0.691,0,16,0,0,0,40.6,-11.65
8.520,1.99,2.96,0.691,0,16,0,0,0,40.6,-11.65
8.525,1.99,2.96,0.691,0,16,0,0,0,40.6,-11.65
8.530,1.99,2.96,0.691,0,16,0,0,0,40.6,-11.65
8.535,1.99,2.95,0.691,0,16,0,0,0,40.6,-11.65
8.540,1.99,2.95,0.691,0,16,0,0,0,40.6,-11.65
8.545,1.99,2.95,0.691,0,16,0,0,0,40.6,-11.65
8.550,1.99,2.95,0.691,0,16,0,0,0,40.6,-11.65
8.555,1.99,2.95,0.691,0,16,0,0,0,40.6,-11.65
8.560,1.99,2.95,0.691,0,16,0,0,0,40.6,-11.65
8.565,1.98,2.95,0.691,0,16,0,0,0,40.6,-11.65
8.570,1.98,2.95,0.691,0,16,0,0,0,40.6,-11.65
8.575,1.98,2.95,0.691,0,16,0,0,0,40.6,-11.65
8.580,1.98,2.95,0.691,0,17,0,0,0,40.6,-11.65
8.585,1.98,2.95,0.691,0,17,0,0,0,40.6,-11.65
8.590,1.98,2.95,0.691,0,17,0,0,0,40.6,-11.65
8.595,1.97,2.95,0.691,0,17,0,0,0,40.6,-11.65
8.600,1.97,2.95,0.691,0,18,0,0,0,40.6,-11.65
8.605,1.97,2.95,0.691,0,18,0,0,0,40.6,-11.65
8.610,1.97,2.95,0.691,0,18,0,0,0,40.6,-11.65
8.615,1.97,2.95,0.691,0,18,0,0,0,40.6,-11.65
8.620,1.97,2.95,0.691,0,18,0,0,0,40.6,-11.65
8.625,1.97,2.94,0.691,0,18,0,0,0,40.6,-11.65
8.630,1.97,2.94,0.691,0,18,0,0,0,40.6,-11.65
8.635,1.98,2.94,0.691,0,19,0,0,0,40.6,-11.65
8.640,1.98,2.94,0.691,0,19,0,0,0,40.6,-11.65
8.645,1.99,2.95,0.691,0,19,0,0,0,40.6,-11.65
8.650,1.99,2.95,0.691,0,19,0,0,0,40.6,-11.65
8.655,1.99,2.94,0.691,0,18,0,0,0,40.6,-11.65
8.660,1.99,2.94,0.691,0,18,0,0,0,40.6,-11.65
8.665,1.99,2.94,0.691,0,18,0,0,0,40.6,-11.65
8.670,2,2.94,0.691,0,18,0,0,0,40.6,-11.65
8.675,2,2.94,0.691,0,18,0,0,0,40.6,-11.65
8.680,2,2.94,0.691,0,18,0,0,0,40.6,-11.65
8.685,2,2.94,0.691,0,18,0,0,0,40.6,-11.65
8.690,2,2.94,0.691,0,18,0,0,0,40.6,-11.65
8.695,2,2.94,0.691,0,18,0,0,0,40.6,-11.65
8.700,2,2.94,0.691,0,17,0,0,0,40.6,-11.65
8.705,2,2.94,0.691,0,17,0,0,0,40.6,-11.65
8.710,2,2.94,0.691,0,17,0,0,0,40.6,-11.65
8.715,2,2.94,0.691,0,17,0,0,0,40.6,-11.65
8.720,2,2.94,0.691,0,17,0,0,0,40.6,-11.65
8.725,2,2.94,0.691,0,17,0,0,0,40.6,-11.65
8.730,2,2.94,0.691,0,17,0,0,0,40.6,-11.65
8.735,2,2.94,0.691,0,17,0,0,0,40.6,-11.65
8.740,2,2.94,0.691,0,17,0,0,0,40.6,-11.65
8.745,1.99,2.94,0.691,0,17,0,0,0,40.6,-11.65
8.750,1.99,2.95,0.691,0,17,0,0,0,40.6,-11.65
8.755,1.99,2.94,0.691,0,18,0,0,0,40.6,-11.65

